Order ID,Order Date,Segment,State,Region,Category,Sales,Quantity,Discount,Profit
CA-2018-1000,2018-10-15,Home Office,Indiana,Central,Furniture,709.61,2,0.5,-248.36
CA-2018-1001,2018-01-27,Home Office,California,West,Furniture,488.1,2,0,24.41
CA-2017-1002,2017-07-24,Home Office,North Carolina,South,Technology,923.52,4,0.3,-18.47
CA-2017-1003,2017-08-05,Home Office,Oregon,West,Technology,727.7,2,0.2,43.66
CA-2015-1004,2015-07-19,Consumer,Wisconsin,Central,Technology,910.68,6,0.5,-163.92
CA-2018-1005,2018-09-09,Consumer,Tennessee,South,Technology,1744.17,9,0.7,-593.02
CA-2015-1006,2015-12-17,Home Office,Alabama,South,Office Supplies,468.9,1,0,84.4
CA-2016-1007,2016-02-21,Home Office,Arizona,West,Technology,811.92,7,0.7,-276.05
CA-2017-1008,2017-09-26,Home Office,Tennessee,South,Technology,971.05,9,0.5,-174.79
CA-2015-1009,2015-01-05,Corporate,Tennessee,South,Technology,798.75,4,0.2,47.92
CA-2018-1010,2018-08-17,Home Office,Tennessee,South,Technology,3546.14,6,0.2,212.77
CA-2018-1011,2018-12-23,Home Office,Florida,South,Office Supplies,1334.95,5,0,240.29
CA-2015-1012,2015-11-09,Corporate,Illinois,Central,Technology,1421.91,7,0.7,-483.45
CA-2015-1013,2015-01-15,Consumer,Illinois,Central,Office Supplies,939.12,7,0,169.04
CA-2017-1014,2017-11-25,Home Office,Washington,West,Technology,456.96,4,0,100.53
CA-2016-1015,2016-09-08,Consumer,Texas,Central,Technology,969.07,6,0.7,-329.48
CA-2016-1016,2016-10-10,Home Office,New Jersey,East,Office Supplies,429.3,5,0,77.27
CA-2015-1017,2015-02-13,Corporate,Georgia,South,Technology,2922.26,9,0.5,-526.01
CA-2015-1018,2015-09-16,Corporate,Colorado,West,Furniture,4493.64,6,0,224.68
CA-2016-1019,2016-03-19,Corporate,Michigan,Central,Office Supplies,244.86,2,0.7,-93.05
CA-2015-1020,2015-09-13,Corporate,New Jersey,East,Technology,2040.55,6,0.1,285.68
CA-2018-1021,2018-11-07,Home Office,Pennsylvania,East,Furniture,525.62,1,0,26.28
CA-2016-1022,2016-11-28,Consumer,Colorado,West,Office Supplies,1715.4,9,0,308.77
CA-2018-1023,2018-05-06,Corporate,Tennessee,South,Furniture,3086.91,9,0,154.35
CA-2017-1024,2017-08-06,Corporate,Virginia,East,Office Supplies,3197.64,8,0.5,-703.48
CA-2015-1025,2015-04-08,Corporate,Florida,South,Office Supplies,4617.72,9,0.2,92.35
CA-2015-1026,2015-06-28,Corporate,Colorado,West,Furniture,2029.44,6,0,101.47
CA-2015-1027,2015-10-23,Home Office,Wisconsin,Central,Furniture,5738.49,10,0.1,-172.15
CA-2015-1028,2015-05-04,Home Office,Massachusetts,East,Office Supplies,2291.2,10,0,412.42
CA-2015-1029,2015-09-11,Consumer,New York,East,Office Supplies,3500.64,6,0,630.12
CA-2015-1030,2015-07-28,Corporate,Oregon,West,Office Supplies,670.41,3,0,120.67
CA-2015-1031,2015-02-22,Consumer,Florida,South,Office Supplies,325.57,2,0.2,6.51
CA-2018-1032,2018-06-20,Corporate,Ohio,Central,Technology,5080.7,10,0,1117.75
CA-2018-1033,2018-05-27,Corporate,Florida,South,Furniture,3320.69,6,0.2,-365.28
CA-2017-1034,2017-05-24,Home Office,Colorado,West,Office Supplies,3948.95,7,0.2,78.98
CA-2016-1035,2016-09-02,Corporate,Michigan,Central,Furniture,5070.17,10,0.3,-963.33
CA-2017-1036,2017-10-21,Consumer,Arizona,West,Technology,224.52,2,0,49.39
CA-2018-1037,2018-07-08,Consumer,Ohio,Central,Technology,592.55,10,0.5,-106.66
CA-2017-1038,2017-03-08,Consumer,Pennsylvania,East,Office Supplies,189.77,9,0.5,-41.75
CA-2016-1039,2016-11-19,Corporate,Arizona,West,Furniture,1937.32,8,0.3,-368.09
CA-2017-1040,2017-01-22,Home Office,New York,East,Furniture,4154.79,9,0.3,-789.41
CA-2018-1041,2018-12-12,Corporate,New York,East,Furniture,2198.92,4,0,109.95
CA-2018-1042,2018-11-19,Corporate,Illinois,Central,Furniture,540.18,6,0.7,-275.49
CA-2017-1043,2017-09-23,Consumer,Virginia,East,Office Supplies,1194.57,3,0,215.02
CA-2016-1044,2016-12-24,Home Office,Washington,West,Office Supplies,405.2,2,0.2,8.1
CA-2018-1045,2018-07-18,Home Office,Washington,West,Furniture,2592.3,10,0,129.62
CA-2017-1046,2017-09-09,Home Office,New York,East,Technology,130.68,2,0.5,-23.52
CA-2017-1047,2017-09-10,Home Office,Arizona,West,Office Supplies,468.86,4,0.2,9.38
CA-2018-1048,2018-06-26,Corporate,Pennsylvania,East,Office Supplies,204.27,1,0.7,-77.62
CA-2016-1049,2016-01-04,Home Office,New Jersey,East,Technology,160.11,1,0,35.22
CA-2016-1050,2016-03-04,Corporate,California,West,Technology,1536.42,6,0,338.01
CA-2015-1051,2015-06-16,Consumer,Florida,South,Office Supplies,1258.94,7,0.2,25.18
CA-2017-1052,2017-02-03,Home Office,Arizona,West,Office Supplies,799.61,4,0.7,-303.85
CA-2017-1053,2017-06-24,Corporate,North Carolina,South,Furniture,302.62,4,0.5,-105.92
CA-2016-1054,2016-12-12,Corporate,North Carolina,South,Technology,155.93,3,0.7,-53.02
CA-2018-1055,2018-05-11,Home Office,Tennessee,South,Office Supplies,561.68,4,0,101.1
CA-2016-1056,2016-06-05,Corporate,Ohio,Central,Furniture,533.52,5,0.2,-58.69
CA-2018-1057,2018-01-18,Corporate,Oregon,West,Technology,1886.45,10,0.5,-339.56
CA-2016-1058,2016-07-12,Home Office,Ohio,Central,Technology,169.38,6,0.7,-57.59
CA-2016-1059,2016-06-19,Consumer,Ohio,Central,Technology,67.68,3,0.2,4.06
CA-2015-1060,2015-11-28,Corporate,Tennessee,South,Technology,157.52,6,0.1,22.05
CA-2015-1061,2015-09-23,Consumer,Illinois,Central,Office Supplies,2361.24,8,0.3,-141.67
CA-2016-1062,2016-10-22,Consumer,Washington,West,Furniture,1401.12,6,0.7,-714.57
CA-2015-1063,2015-01-09,Consumer,Indiana,Central,Furniture,4026.61,7,0,201.33
CA-2017-1064,2017-06-12,Consumer,Arizona,West,Office Supplies,2135.78,9,0.7,-811.6
CA-2018-1065,2018-03-01,Corporate,Tennessee,South,Office Supplies,4046.34,6,0,728.34
CA-2017-1066,2017-04-19,Corporate,Ohio,Central,Office Supplies,613.36,4,0.5,-134.94
CA-2018-1067,2018-10-03,Consumer,Alabama,South,Furniture,4444.99,9,0.2,-488.95
CA-2016-1068,2016-05-28,Corporate,Michigan,Central,Technology,1805.16,6,0,397.14
CA-2018-1069,2018-04-07,Home Office,Florida,South,Technology,7840.5,10,0,1724.91
CA-2016-1070,2016-09-22,Home Office,Pennsylvania,East,Office Supplies,937.67,5,0.7,-356.31
CA-2016-1071,2016-10-18,Home Office,Ohio,Central,Office Supplies,4049.03,9,0.1,404.9
CA-2015-1072,2015-05-26,Home Office,Pennsylvania,East,Technology,1925.73,3,0,423.66
CA-2018-1073,2018-03-06,Consumer,Massachusetts,East,Office Supplies,5044.5,9,0,908.01
CA-2015-1074,2015-05-08,Consumer,Colorado,West,Technology,308.57,3,0.7,-104.91
CA-2016-1075,2016-06-05,Home Office,Texas,Central,Technology,2202.84,8,0.5,-396.51
CA-2017-1076,2017-01-06,Corporate,California,West,Technology,75.06,1,0.2,4.5
CA-2016-1077,2016-04-22,Consumer,Virginia,East,Technology,1228.92,7,0,270.36
CA-2018-1078,2018-08-28,Corporate,Pennsylvania,East,Office Supplies,3571.42,9,0.5,-785.71
CA-2016-1079,2016-12-07,Corporate,Virginia,East,Office Supplies,4438.35,9,0,798.9
CA-2016-1080,2016-04-21,Corporate,Colorado,West,Furniture,5565.7,10,0,278.29
CA-2017-1081,2017-12-12,Corporate,New York,East,Office Supplies,5597.14,9,0.2,111.94
CA-2018-1082,2018-03-04,Corporate,Arizona,West,Office Supplies,3985.24,8,0.3,-239.11
CA-2017-1083,2017-05-22,Corporate,Virginia,East,Furniture,3462.62,7,0,173.13
CA-2017-1084,2017-05-02,Corporate,North Carolina,South,Furniture,5978.16,9,0,298.91
CA-2018-1085,2018-10-16,Consumer,Arizona,West,Furniture,1840.84,8,0.5,-644.29
CA-2015-1086,2015-03-18,Consumer,Oregon,West,Technology,61.11,3,0.5,-11.0
CA-2017-1087,2017-12-05,Consumer,Colorado,West,Office Supplies,1214.02,2,0,218.52
CA-2016-1088,2016-09-28,Consumer,North Carolina,South,Office Supplies,2234.2,8,0.5,-491.52
CA-2016-1089,2016-02-19,Consumer,Tennessee,South,Office Supplies,581.57,4,0.7,-221.0
CA-2018-1090,2018-12-02,Corporate,Alabama,South,Office Supplies,368.26,1,0.1,36.83
CA-2017-1091,2017-07-28,Consumer,North Carolina,South,Technology,1935.53,4,0.3,-38.71
CA-2017-1092,2017-04-19,Corporate,Arizona,West,Technology,1347.84,9,0,296.52
CA-2018-1093,2018-01-08,Corporate,Virginia,East,Furniture,645.35,2,0.5,-225.87
CA-2015-1094,2015-05-06,Corporate,Washington,West,Furniture,1435.01,9,0.3,-272.65
CA-2017-1095,2017-12-15,Home Office,New Jersey,East,Furniture,1443.06,2,0,72.15
CA-2016-1096,2016-11-03,Consumer,Colorado,West,Technology,453.36,8,0,99.74
CA-2017-1097,2017-02-23,Consumer,Massachusetts,East,Office Supplies,1572.45,10,0.7,-597.53
CA-2015-1098,2015-09-12,Home Office,New Jersey,East,Technology,1324.11,10,0.7,-450.2
CA-2018-1099,2018-09-03,Corporate,Florida,South,Furniture,89.06,4,0.5,-31.17
CA-2018-1100,2018-05-21,Consumer,Pennsylvania,East,Office Supplies,957.94,3,0.3,-57.48
CA-2016-1101,2016-08-28,Corporate,New York,East,Technology,288.58,1,0,63.49
CA-2016-1102,2016-01-27,Home Office,Massachusetts,East,Technology,1218.24,3,0,268.01
CA-2017-1103,2017-02-24,Home Office,Nevada,West,Office Supplies,2661.92,7,0.3,-159.72
CA-2017-1104,2017-10-22,Home Office,Oregon,West,Technology,396.54,4,0.1,55.52
CA-2016-1105,2016-12-15,Corporate,New Jersey,East,Technology,544.95,1,0.3,-10.9
CA-2018-1106,2018-02-03,Consumer,Colorado,West,Technology,4843.12,8,0,1065.49
CA-2015-1107,2015-08-20,Home Office,Arizona,West,Furniture,540.6,5,0.2,-59.47
CA-2016-1108,2016-06-15,Corporate,New York,East,Office Supplies,3824.48,8,0,688.41
CA-2017-1109,2017-08-24,Corporate,Tennessee,South,Furniture,3761.73,8,0.2,-413.79
CA-2015-1110,2015-04-07,Corporate,North Carolina,South,Technology,3948.6,6,0,868.69
CA-2016-1111,2016-02-08,Home Office,Ohio,Central,Technology,1950.9,4,0.3,-39.02
CA-2018-1112,2018-12-09,Home Office,Massachusetts,East,Office Supplies,2360.09,9,0.2,47.2
CA-2017-1113,2017-03-28,Consumer,Georgia,South,Office Supplies,2070.2,9,0.1,207.02
CA-2015-1114,2015-10-17,Corporate,Virginia,East,Office Supplies,3527.17,8,0.2,70.54
CA-2017-1115,2017-06-25,Corporate,Illinois,Central,Office Supplies,5096.3,9,0.2,101.93
CA-2016-1116,2016-09-19,Consumer,Virginia,East,Office Supplies,2235.37,9,0.3,-134.12
CA-2018-1117,2018-10-13,Home Office,Texas,Central,Office Supplies,408.36,2,0,73.5
CA-2015-1118,2015-02-07,Corporate,New Jersey,East,Office Supplies,1246.88,4,0,224.44
CA-2018-1119,2018-04-11,Corporate,Arizona,West,Office Supplies,3096.12,6,0,557.3
CA-2018-1120,2018-02-21,Consumer,California,West,Office Supplies,961.06,6,0.7,-365.2
CA-2015-1121,2015-06-08,Home Office,Virginia,East,Furniture,2902.02,6,0,145.1
CA-2016-1122,2016-02-01,Corporate,Florida,South,Furniture,2882.79,9,0.5,-1008.98
CA-2018-1123,2018-06-24,Corporate,Florida,South,Technology,980.02,8,0.7,-333.21
CA-2016-1124,2016-07-04,Corporate,Washington,West,Furniture,2908.81,7,0.2,-319.97
CA-2017-1125,2017-07-26,Consumer,Pennsylvania,East,Office Supplies,3943.84,10,0.2,78.88
CA-2017-1126,2017-06-14,Corporate,New York,East,Furniture,4924.01,7,0,246.2
CA-2017-1127,2017-01-18,Consumer,Wisconsin,Central,Technology,2142.65,10,0.5,-385.68
CA-2016-1128,2016-12-25,Home Office,Ohio,Central,Technology,1369.84,5,0.2,82.19
CA-2017-1129,2017-02-28,Consumer,North Carolina,South,Technology,1879.13,9,0.2,112.75
CA-2015-1130,2015-11-11,Consumer,Pennsylvania,East,Technology,3388.35,10,0.3,-67.77
CA-2017-1131,2017-07-25,Home Office,Tennessee,South,Office Supplies,3135.4,10,0,564.37
CA-2017-1132,2017-07-24,Home Office,North Carolina,South,Technology,3143.8,10,0,691.64
CA-2015-1133,2015-12-10,Corporate,Texas,Central,Office Supplies,2054.52,6,0,369.81
CA-2017-1134,2017-01-07,Consumer,Oregon,West,Technology,1254.79,7,0.2,75.29
CA-2018-1135,2018-02-22,Consumer,Washington,West,Furniture,123.46,3,0.3,-23.46
CA-2015-1136,2015-12-03,Corporate,Washington,West,Technology,1263.35,2,0.1,176.87
CA-2015-1137,2015-05-14,Home Office,Colorado,West,Furniture,102.27,7,0.7,-52.16
CA-2016-1138,2016-10-13,Consumer,Florida,South,Office Supplies,1473.19,7,0.2,29.46
CA-2018-1139,2018-11-21,Consumer,Nevada,West,Technology,1025.46,10,0.7,-348.66
CA-2018-1140,2018-09-20,Corporate,California,West,Furniture,852.5,3,0.2,-93.78
CA-2016-1141,2016-08-13,Corporate,Pennsylvania,East,Furniture,221.05,5,0,11.05
CA-2017-1142,2017-09-08,Corporate,Texas,Central,Furniture,306.3,1,0,15.32
CA-2015-1143,2015-12-08,Corporate,Texas,Central,Furniture,2202.35,5,0,110.12
CA-2015-1144,2015-07-09,Consumer,Illinois,Central,Office Supplies,411.5,3,0.2,8.23
CA-2018-1145,2018-02-21,Corporate,Georgia,South,Technology,1715.98,4,0.3,-34.32
CA-2016-1146,2016-12-09,Home Office,Massachusetts,East,Technology,367.86,9,0.3,-7.36
CA-2016-1147,2016-05-04,Corporate,Washington,West,Office Supplies,1871.7,5,0,336.91
CA-2015-1148,2015-02-10,Consumer,Tennessee,South,Office Supplies,1448.88,6,0,260.8
CA-2015-1149,2015-06-07,Consumer,Colorado,West,Office Supplies,3003.88,4,0,540.7
CA-2017-1150,2017-09-24,Consumer,Michigan,Central,Furniture,3133.52,8,0.5,-1096.73
CA-2018-1151,2018-01-21,Consumer,Massachusetts,East,Technology,1738.05,10,0.7,-590.94
CA-2018-1152,2018-09-28,Corporate,Illinois,Central,Technology,4733.82,9,0.3,-94.68
CA-2018-1153,2018-03-28,Corporate,Nevada,West,Furniture,521.48,1,0,26.07
CA-2015-1154,2015-04-14,Corporate,Florida,South,Technology,3680.64,6,0.2,220.84
CA-2015-1155,2015-01-24,Corporate,Pennsylvania,East,Furniture,6119.76,8,0,305.99
CA-2016-1156,2016-12-20,Corporate,Georgia,South,Technology,5065.97,7,0,1114.51
CA-2018-1157,2018-04-03,Corporate,Virginia,East,Office Supplies,874.1,5,0.5,-192.3
CA-2017-1158,2017-06-23,Corporate,Georgia,South,Office Supplies,1332.03,10,0.7,-506.17
CA-2015-1159,2015-08-06,Home Office,Texas,Central,Furniture,2387.8,4,0,119.39
CA-2015-1160,2015-05-28,Corporate,New Jersey,East,Furniture,806.15,7,0.7,-411.14
CA-2017-1161,2017-12-26,Home Office,Texas,Central,Technology,70.56,1,0.7,-23.99
CA-2015-1162,2015-02-23,Home Office,Alabama,South,Furniture,2103.15,7,0.5,-736.1
CA-2016-1163,2016-06-26,Consumer,Wisconsin,Central,Technology,426.83,1,0,93.9
CA-2017-1164,2017-03-19,Consumer,Michigan,Central,Technology,5452.5,10,0,1199.55
CA-2016-1165,2016-05-26,Corporate,Tennessee,South,Office Supplies,5449.41,9,0,980.89
CA-2018-1166,2018-09-23,Consumer,Georgia,South,Office Supplies,3779.27,7,0.3,-226.76
CA-2017-1167,2017-11-05,Consumer,California,West,Furniture,784.52,1,0,39.23
CA-2018-1168,2018-01-07,Corporate,California,West,Furniture,482.82,1,0,24.14
CA-2015-1169,2015-04-02,Corporate,Pennsylvania,East,Technology,60.31,4,0.7,-20.51
CA-2015-1170,2015-02-10,Corporate,Alabama,South,Office Supplies,719.2,2,0.5,-158.22
CA-2016-1171,2016-09-08,Corporate,New York,East,Office Supplies,47.82,2,0,8.61
CA-2017-1172,2017-03-13,Corporate,California,West,Furniture,90.76,4,0,4.54
CA-2016-1173,2016-10-08,Consumer,Tennessee,South,Furniture,542.58,8,0.3,-103.09
CA-2016-1174,2016-10-28,Consumer,Nevada,West,Furniture,423.68,8,0,21.18
CA-2016-1175,2016-04-20,Consumer,North Carolina,South,Office Supplies,3926.16,8,0,706.71
CA-2018-1176,2018-11-28,Home Office,Washington,West,Technology,1612.8,4,0,354.82
CA-2015-1177,2015-05-16,Consumer,North Carolina,South,Furniture,6318.36,9,0,315.92
CA-2015-1178,2015-07-13,Corporate,North Carolina,South,Furniture,935.05,6,0.3,-177.66
CA-2017-1179,2017-10-15,Consumer,Ohio,Central,Furniture,2749.04,8,0,137.45
CA-2018-1180,2018-11-22,Home Office,Wisconsin,Central,Furniture,255.5,2,0,12.78
CA-2018-1181,2018-03-17,Corporate,Massachusetts,East,Technology,1310.4,4,0.5,-235.87
CA-2017-1182,2017-03-21,Home Office,Arizona,West,Furniture,94.71,3,0,4.74
CA-2018-1183,2018-12-01,Home Office,Oregon,West,Furniture,903.72,3,0.1,-27.11
CA-2018-1184,2018-01-10,Consumer,Ohio,Central,Technology,704.08,1,0,154.9
CA-2016-1185,2016-04-24,Consumer,Ohio,Central,Furniture,562.95,9,0,28.15
CA-2016-1186,2016-11-16,Corporate,Pennsylvania,East,Technology,1684.8,7,0.5,-303.26
CA-2015-1187,2015-12-28,Corporate,Virginia,East,Technology,521.51,1,0,114.73
CA-2018-1188,2018-01-15,Home Office,Florida,South,Technology,195.66,3,0.3,-3.91
CA-2017-1189,2017-04-09,Consumer,Washington,West,Furniture,888.16,4,0.5,-310.86
CA-2015-1190,2015-02-07,Corporate,Massachusetts,East,Furniture,3427.21,7,0.3,-651.17
CA-2015-1191,2015-12-23,Consumer,Texas,Central,Technology,107.99,1,0.7,-36.72
CA-2016-1192,2016-04-21,Home Office,California,West,Office Supplies,1475.3,3,0.2,29.51
CA-2015-1193,2015-02-11,Corporate,Oregon,West,Office Supplies,1378.75,9,0.5,-303.33
CA-2016-1194,2016-03-12,Consumer,Virginia,East,Office Supplies,105.2,2,0,18.94
CA-2015-1195,2015-05-18,Consumer,Massachusetts,East,Furniture,64.35,3,0,3.22
CA-2016-1196,2016-04-17,Consumer,Indiana,Central,Furniture,981.32,4,0,49.07
CA-2016-1197,2016-03-07,Consumer,Oregon,West,Office Supplies,1773.12,3,0,319.16
CA-2015-1198,2015-05-23,Consumer,Tennessee,South,Technology,1718.77,9,0.5,-309.38
CA-2017-1199,2017-11-05,Corporate,Illinois,Central,Furniture,2371.63,5,0.3,-450.61
CA-2016-1200,2016-10-26,Corporate,Virginia,East,Office Supplies,3354.65,5,0,603.84
CA-2017-1201,2017-12-15,Corporate,North Carolina,South,Technology,2680.4,8,0,589.69
CA-2017-1202,2017-01-10,Home Office,Pennsylvania,East,Furniture,2866.3,7,0.3,-544.6
CA-2017-1203,2017-07-09,Corporate,Tennessee,South,Technology,465.25,1,0,102.36
CA-2018-1204,2018-09-28,Consumer,Pennsylvania,East,Technology,3448.62,9,0,758.7
CA-2017-1205,2017-05-10,Consumer,Florida,South,Office Supplies,3051.4,10,0.5,-671.31
CA-2018-1206,2018-09-08,Consumer,Illinois,Central,Office Supplies,891.86,8,0.3,-53.51
CA-2017-1207,2017-02-14,Corporate,Florida,South,Furniture,1137.76,8,0.5,-398.22
CA-2015-1208,2015-11-08,Home Office,Texas,Central,Technology,3668.4,8,0,807.05
CA-2018-1209,2018-10-11,Consumer,Georgia,South,Technology,141.89,1,0.7,-48.24
CA-2018-1210,2018-11-01,Consumer,Florida,South,Furniture,12.07,1,0.7,-6.16
CA-2015-1211,2015-02-21,Home Office,Pennsylvania,East,Furniture,619.08,3,0.7,-315.73
CA-2016-1212,2016-01-23,Home Office,New Jersey,East,Office Supplies,395.61,5,0.7,-150.33
CA-2018-1213,2018-05-14,Corporate,Massachusetts,East,Office Supplies,82.68,4,0.7,-31.42
CA-2018-1214,2018-08-20,Consumer,Illinois,Central,Office Supplies,129.78,4,0.7,-49.32
CA-2017-1215,2017-05-15,Corporate,California,West,Furniture,3622.32,6,0.1,-108.67
CA-2015-1216,2015-04-07,Corporate,Georgia,South,Technology,4153.62,6,0,913.8
CA-2016-1217,2016-03-15,Consumer,Colorado,West,Furniture,1996.01,7,0.5,-698.6
CA-2018-1218,2018-02-12,Home Office,Pennsylvania,East,Furniture,246.51,2,0.2,-27.12
CA-2015-1219,2015-08-10,Home Office,Washington,West,Technology,3117.3,10,0,685.81
CA-2018-1220,2018-02-16,Corporate,Michigan,Central,Furniture,3339.72,8,0.1,-100.19
CA-2018-1221,2018-12-09,Consumer,North Carolina,South,Technology,824.1,6,0,181.3
CA-2018-1222,2018-01-27,Consumer,California,West,Office Supplies,1249.4,5,0.2,24.99
CA-2015-1223,2015-08-21,Corporate,Alabama,South,Technology,1383.5,5,0,304.37
CA-2015-1224,2015-04-26,Consumer,Michigan,Central,Office Supplies,1001.25,9,0,180.22
CA-2016-1225,2016-08-17,Corporate,Nevada,West,Furniture,221.12,1,0,11.06
CA-2015-1226,2015-01-04,Home Office,Oregon,West,Technology,3483.3,10,0,766.33
CA-2017-1227,2017-02-12,Home Office,Michigan,Central,Technology,1303.5,5,0,286.77
CA-2015-1228,2015-01-22,Home Office,Wisconsin,Central,Office Supplies,2008.96,4,0,361.61
CA-2015-1229,2015-09-21,Corporate,Indiana,Central,Furniture,685.83,1,0,34.29
CA-2017-1230,2017-03-08,Corporate,Arizona,West,Technology,2783.2,10,0,612.3
CA-2015-1231,2015-07-17,Consumer,Virginia,East,Office Supplies,4275.74,10,0.3,-256.54
CA-2017-1232,2017-10-09,Consumer,Michigan,Central,Office Supplies,2053.76,8,0,369.68
CA-2018-1233,2018-12-26,Home Office,Nevada,West,Technology,1281.0,6,0.3,-25.62
CA-2015-1234,2015-09-26,Consumer,Indiana,Central,Furniture,680.12,5,0.5,-238.04
CA-2017-1235,2017-08-26,Corporate,New York,East,Office Supplies,1788.32,6,0.1,178.83
CA-2015-1236,2015-11-10,Corporate,Arizona,West,Office Supplies,357.43,5,0.5,-78.63
CA-2017-1237,2017-04-23,Consumer,New York,East,Technology,3979.2,8,0,875.42
CA-2018-1238,2018-11-19,Corporate,Tennessee,South,Furniture,2634.77,8,0.1,-79.04
CA-2015-1239,2015-04-21,Corporate,Colorado,West,Furniture,196.35,5,0.5,-68.72
CA-2016-1240,2016-02-09,Consumer,Ohio,Central,Technology,2574.9,10,0.5,-463.48
CA-2015-1241,2015-12-15,Corporate,Wisconsin,Central,Furniture,5533.36,7,0,276.67
CA-2017-1242,2017-12-13,Corporate,Alabama,South,Office Supplies,1473.48,2,0,265.23
CA-2016-1243,2016-09-27,Consumer,Illinois,Central,Office Supplies,2384.73,3,0,429.25
CA-2016-1244,2016-11-12,Consumer,Wisconsin,Central,Office Supplies,3966.42,6,0,713.96
CA-2018-1245,2018-09-17,Home Office,Tennessee,South,Technology,187.92,9,0.7,-63.89
CA-2018-1246,2018-10-15,Home Office,Indiana,Central,Office Supplies,7703.6,10,0,1386.65
CA-2017-1247,2017-06-25,Corporate,Ohio,Central,Technology,2045.04,6,0,449.91
CA-2017-1248,2017-04-03,Home Office,Virginia,East,Office Supplies,158.14,8,0.7,-60.09
CA-2018-1249,2018-05-17,Corporate,Massachusetts,East,Office Supplies,1013.01,9,0.7,-384.94
CA-2015-1250,2015-02-19,Home Office,North Carolina,South,Furniture,660.21,1,0,33.01
CA-2018-1251,2018-06-02,Consumer,Georgia,South,Furniture,438.27,10,0.3,-83.27
CA-2017-1252,2017-06-16,Corporate,Nevada,West,Office Supplies,2325.18,8,0.3,-139.51
CA-2016-1253,2016-12-24,Consumer,California,West,Technology,3319.96,7,0,730.39
CA-2017-1254,2017-02-24,Consumer,Virginia,East,Technology,1222.91,2,0.2,73.37
CA-2018-1255,2018-11-17,Corporate,New York,East,Office Supplies,491.35,2,0.1,49.13
CA-2018-1256,2018-02-10,Corporate,Virginia,East,Office Supplies,3982.4,8,0.2,79.65
CA-2017-1257,2017-03-25,Consumer,Pennsylvania,East,Office Supplies,238.32,2,0.2,4.77
CA-2017-1258,2017-05-28,Corporate,Florida,South,Technology,186.49,4,0.7,-63.41
CA-2016-1259,2016-09-06,Consumer,Texas,Central,Furniture,5022.8,10,0.2,-552.51
CA-2016-1260,2016-09-04,Consumer,Massachusetts,East,Office Supplies,694.2,4,0,124.96
CA-2017-1261,2017-02-26,Home Office,Indiana,Central,Technology,3081.5,6,0.2,184.89
CA-2017-1262,2017-12-05,Corporate,Georgia,South,Office Supplies,625.6,8,0,112.61
CA-2015-1263,2015-11-22,Home Office,Illinois,Central,Furniture,2153.97,7,0,107.7
CA-2016-1264,2016-06-24,Consumer,Tennessee,South,Technology,5508.37,10,0.3,-110.17
CA-2016-1265,2016-09-27,Consumer,Nevada,West,Technology,80.95,2,0.3,-1.62
CA-2017-1266,2017-02-27,Home Office,Indiana,Central,Office Supplies,1242.57,5,0.3,-74.55
CA-2018-1267,2018-06-28,Consumer,New York,East,Technology,298.74,1,0.2,17.92
CA-2016-1268,2016-01-25,Corporate,Illinois,Central,Office Supplies,432.74,3,0.2,8.65
CA-2016-1269,2016-04-08,Corporate,Massachusetts,East,Furniture,2491.55,5,0,124.58
CA-2018-1270,2018-02-20,Consumer,Texas,Central,Technology,4074.78,6,0,896.45
CA-2017-1271,2017-09-27,Corporate,Massachusetts,East,Furniture,848.57,6,0.3,-161.23
CA-2015-1272,2015-10-19,Corporate,Ohio,Central,Furniture,911.15,5,0.3,-173.12
CA-2015-1273,2015-08-02,Home Office,Wisconsin,Central,Office Supplies,2375.72,4,0,427.63
CA-2016-1274,2016-01-21,Home Office,Virginia,East,Technology,307.9,2,0.7,-104.69
CA-2018-1275,2018-09-25,Corporate,Georgia,South,Furniture,2049.23,7,0.3,-389.35
CA-2018-1276,2018-07-04,Corporate,Colorado,West,Office Supplies,1407.8,2,0.1,140.78
CA-2017-1277,2017-08-11,Consumer,Indiana,Central,Furniture,5860.44,9,0,293.02
CA-2015-1278,2015-09-13,Corporate,New York,East,Technology,1359.28,8,0,299.04
CA-2017-1279,2017-03-16,Corporate,Georgia,South,Furniture,836.21,3,0.2,-91.98
CA-2015-1280,2015-05-23,Corporate,New Jersey,East,Office Supplies,228.05,1,0,41.05
CA-2016-1281,2016-06-04,Corporate,Washington,West,Technology,626.5,7,0,137.83
CA-2017-1282,2017-11-26,Consumer,Virginia,East,Office Supplies,715.86,6,0.7,-272.03
CA-2017-1283,2017-09-25,Consumer,North Carolina,South,Furniture,4931.73,9,0,246.59
CA-2018-1284,2018-08-02,Home Office,Pennsylvania,East,Technology,1435.38,3,0,315.78
CA-2018-1285,2018-01-04,Consumer,California,West,Technology,2298.16,8,0,505.6
CA-2018-1286,2018-09-08,Corporate,Tennessee,South,Office Supplies,1089.06,5,0.7,-413.84
CA-2018-1287,2018-12-02,Home Office,Alabama,South,Office Supplies,230.19,2,0.7,-87.47
CA-2018-1288,2018-01-06,Consumer,Illinois,Central,Furniture,927.01,7,0.5,-324.45
CA-2015-1289,2015-06-10,Corporate,Massachusetts,East,Office Supplies,2405.48,5,0.2,48.11
CA-2017-1290,2017-11-25,Home Office,Georgia,South,Office Supplies,616.32,4,0.7,-234.2
CA-2017-1291,2017-07-04,Home Office,Tennessee,South,Furniture,98.43,4,0.2,-10.83
CA-2016-1292,2016-01-11,Consumer,Arizona,West,Technology,221.58,4,0.7,-75.34
CA-2016-1293,2016-03-04,Home Office,Colorado,West,Office Supplies,1642.62,5,0.3,-98.56
CA-2017-1294,2017-12-22,Consumer,Tennessee,South,Office Supplies,4117.1,9,0.2,82.34
CA-2015-1295,2015-03-25,Corporate,Washington,West,Furniture,2988.56,7,0.3,-567.83
CA-2017-1296,2017-02-15,Corporate,Massachusetts,East,Office Supplies,1758.66,6,0.5,-386.91
CA-2016-1297,2016-01-22,Consumer,Tennessee,South,Office Supplies,60.37,1,0,10.87
CA-2018-1298,2018-08-22,Corporate,Georgia,South,Furniture,3496.32,8,0.1,-104.89
CA-2018-1299,2018-04-03,Corporate,Alabama,South,Office Supplies,306.32,8,0.5,-67.39
CA-2015-1300,2015-10-27,Home Office,Indiana,Central,Office Supplies,739.82,2,0.2,14.8
CA-2017-1301,2017-10-13,Home Office,Virginia,East,Technology,1675.86,10,0.7,-569.79
CA-2018-1302,2018-02-25,Corporate,Massachusetts,East,Furniture,225.44,10,0.2,-24.8
CA-2018-1303,2018-10-12,Home Office,Wisconsin,Central,Technology,391.41,9,0,86.11
CA-2017-1304,2017-05-01,Corporate,Washington,West,Office Supplies,1879.86,10,0.7,-714.35
CA-2018-1305,2018-04-18,Consumer,Texas,Central,Furniture,1051.56,10,0.7,-536.3
CA-2017-1306,2017-08-02,Consumer,Michigan,Central,Office Supplies,1119.46,2,0,201.5
CA-2017-1307,2017-10-22,Corporate,Florida,South,Technology,1580.04,4,0,347.61
CA-2018-1308,2018-12-06,Home Office,Alabama,South,Technology,659.4,2,0,145.07
CA-2017-1309,2017-06-24,Consumer,Virginia,East,Office Supplies,111.76,1,0.7,-42.47
CA-2017-1310,2017-01-21,Home Office,Massachusetts,East,Office Supplies,717.36,6,0,129.12
CA-2017-1311,2017-04-10,Corporate,New York,East,Office Supplies,3619.5,10,0,651.51
CA-2017-1312,2017-07-17,Corporate,Washington,West,Furniture,605.21,2,0.1,-18.16
CA-2015-1313,2015-04-11,Consumer,Florida,South,Furniture,224.08,1,0,11.2
CA-2015-1314,2015-06-02,Corporate,Indiana,Central,Furniture,2445.84,8,0,122.29
CA-2015-1315,2015-01-23,Home Office,Tennessee,South,Furniture,669.89,6,0.7,-341.64
CA-2016-1316,2016-01-20,Home Office,California,West,Furniture,112.41,1,0.1,-3.37
CA-2018-1317,2018-02-05,Consumer,Virginia,East,Technology,1148.13,6,0.7,-390.36
CA-2015-1318,2015-12-09,Corporate,Georgia,South,Furniture,5162.22,9,0,258.11
CA-2017-1319,2017-05-28,Consumer,New York,East,Office Supplies,767.41,7,0,138.13
CA-2016-1320,2016-02-06,Corporate,Virginia,East,Furniture,44.9,1,0,2.25
CA-2016-1321,2016-01-21,Home Office,Nevada,West,Technology,5023.97,7,0,1105.27
CA-2017-1322,2017-01-16,Home Office,Wisconsin,Central,Office Supplies,2282.6,4,0,410.87
CA-2015-1323,2015-03-14,Consumer,Oregon,West,Technology,1063.69,7,0.5,-191.46
CA-2015-1324,2015-05-23,Corporate,New Jersey,East,Office Supplies,355.74,2,0,64.03
CA-2016-1325,2016-11-05,Home Office,Georgia,South,Technology,127.08,1,0.3,-2.54
CA-2017-1326,2017-02-02,Corporate,Colorado,West,Office Supplies,715.6,4,0,128.81
CA-2017-1327,2017-03-04,Home Office,Massachusetts,East,Furniture,1316.8,10,0.2,-144.85
CA-2016-1328,2016-02-01,Consumer,Pennsylvania,East,Office Supplies,1356.07,6,0.7,-515.31
CA-2015-1329,2015-10-28,Home Office,Massachusetts,East,Technology,2392.72,8,0.5,-430.69
CA-2016-1330,2016-02-21,Consumer,Texas,Central,Technology,4829.16,10,0.3,-96.58
CA-2017-1331,2017-05-02,Consumer,Nevada,West,Furniture,3594.15,9,0,179.71
CA-2015-1332,2015-02-28,Corporate,Ohio,Central,Furniture,153.8,3,0.5,-53.83
CA-2017-1333,2017-06-18,Home Office,California,West,Furniture,2516.14,7,0.2,-276.78
CA-2016-1334,2016-05-27,Home Office,Texas,Central,Technology,2776.8,10,0,610.9
CA-2015-1335,2015-11-04,Home Office,New Jersey,East,Furniture,767.6,5,0.2,-84.44
CA-2017-1336,2017-10-26,Corporate,California,West,Technology,395.96,2,0.7,-134.63
CA-2015-1337,2015-09-01,Consumer,Massachusetts,East,Technology,494.3,1,0.2,29.66
CA-2017-1338,2017-03-02,Corporate,New York,East,Office Supplies,461.74,2,0.5,-101.58
CA-2015-1339,2015-04-10,Home Office,Massachusetts,East,Furniture,3018.96,7,0,150.95
CA-2018-1340,2018-08-01,Corporate,North Carolina,South,Furniture,486.02,2,0.2,-53.46
CA-2015-1341,2015-02-04,Consumer,Virginia,East,Office Supplies,1889.22,6,0,340.06
CA-2015-1342,2015-12-21,Corporate,Georgia,South,Furniture,408.96,1,0,20.45
CA-2015-1343,2015-02-15,Home Office,Illinois,Central,Furniture,3934.4,8,0,196.72
CA-2017-1344,2017-10-28,Consumer,Tennessee,South,Furniture,257.54,3,0.3,-48.93
CA-2016-1345,2016-02-07,Corporate,Illinois,Central,Furniture,5769.7,10,0,288.49
CA-2015-1346,2015-11-18,Consumer,Colorado,West,Technology,847.87,3,0.2,50.87
CA-2018-1347,2018-02-07,Home Office,North Carolina,South,Furniture,654.74,4,0.5,-229.16
CA-2018-1348,2018-10-19,Home Office,Wisconsin,Central,Furniture,1790.39,7,0.5,-626.64
CA-2016-1349,2016-02-24,Corporate,Arizona,West,Office Supplies,1575.27,5,0.1,157.53
CA-2017-1350,2017-11-02,Corporate,Georgia,South,Furniture,2770.91,6,0.3,-526.47
CA-2017-1351,2017-06-09,Consumer,Arizona,West,Technology,176.44,4,0.1,24.7
CA-2017-1352,2017-01-16,Corporate,Pennsylvania,East,Technology,2157.03,10,0.7,-733.39
CA-2017-1353,2017-02-10,Consumer,Alabama,South,Office Supplies,1172.65,5,0,211.08
CA-2015-1354,2015-01-07,Home Office,New York,East,Technology,2260.03,6,0.2,135.6
CA-2016-1355,2016-09-21,Home Office,Texas,Central,Technology,2250.48,8,0,495.11
CA-2018-1356,2018-04-10,Corporate,Wisconsin,Central,Furniture,6158.88,10,0.1,-184.77
CA-2018-1357,2018-03-04,Corporate,Illinois,Central,Office Supplies,2013.36,7,0.3,-120.8
CA-2018-1358,2018-08-13,Corporate,California,West,Furniture,4462.01,7,0,223.1
CA-2018-1359,2018-01-08,Corporate,Colorado,West,Office Supplies,1014.48,3,0,182.61
CA-2017-1360,2017-09-05,Home Office,Alabama,South,Furniture,1044.02,7,0.5,-365.41
CA-2017-1361,2017-03-27,Corporate,Alabama,South,Furniture,3554.66,6,0.1,-106.64
CA-2017-1362,2017-10-14,Corporate,Ohio,Central,Office Supplies,558.46,1,0.1,55.85
CA-2015-1363,2015-04-04,Consumer,Washington,West,Technology,2825.32,8,0.5,-508.56
CA-2016-1364,2016-05-20,Home Office,Ohio,Central,Office Supplies,1152.91,2,0.2,23.06
CA-2016-1365,2016-09-11,Corporate,Indiana,Central,Furniture,1698.6,6,0,84.93
CA-2016-1366,2016-07-20,Home Office,Indiana,Central,Furniture,1729.4,10,0,86.47
CA-2018-1367,2018-10-01,Consumer,Arizona,West,Furniture,590.46,6,0,29.52
CA-2015-1368,2015-07-06,Corporate,Virginia,East,Technology,4422.48,6,0,972.95
CA-2016-1369,2016-12-26,Corporate,Wisconsin,Central,Furniture,538.66,7,0.2,-59.25
CA-2018-1370,2018-03-02,Home Office,Indiana,Central,Technology,1592.14,7,0.2,95.53
CA-2017-1371,2017-11-05,Corporate,Indiana,Central,Office Supplies,1361.1,10,0.5,-299.44
CA-2017-1372,2017-09-19,Home Office,New Jersey,East,Furniture,685.3,7,0,34.27
CA-2015-1373,2015-04-12,Corporate,Alabama,South,Office Supplies,1114.2,6,0.7,-423.4
CA-2016-1374,2016-07-24,Home Office,Illinois,Central,Furniture,2246.19,7,0.5,-786.17
CA-2015-1375,2015-08-08,Home Office,Alabama,South,Technology,47.63,1,0.2,2.86
CA-2018-1376,2018-12-17,Home Office,Ohio,Central,Technology,2094.05,5,0,460.69
CA-2018-1377,2018-02-25,Consumer,California,West,Furniture,3751.93,7,0,187.6
CA-2015-1378,2015-01-15,Consumer,Oregon,West,Furniture,1737.31,3,0.2,-191.1
CA-2016-1379,2016-05-03,Corporate,Colorado,West,Office Supplies,1465.59,3,0,263.81
CA-2017-1380,2017-05-22,Corporate,California,West,Furniture,1926.1,6,0.2,-211.87
CA-2017-1381,2017-07-15,Consumer,Tennessee,South,Technology,780.89,2,0.5,-140.56
CA-2017-1382,2017-06-08,Consumer,New Jersey,East,Technology,1503.85,5,0,330.85
CA-2015-1383,2015-02-16,Corporate,Massachusetts,East,Furniture,416.7,5,0,20.84
CA-2015-1384,2015-05-06,Consumer,Michigan,Central,Technology,1401.3,6,0,308.29
CA-2015-1385,2015-12-04,Corporate,Nevada,West,Technology,3604.23,9,0,792.93
CA-2017-1386,2017-09-13,Consumer,Wisconsin,Central,Furniture,706.79,6,0.7,-360.46
CA-2017-1387,2017-02-21,Consumer,Nevada,West,Office Supplies,430.92,8,0.5,-94.8
CA-2016-1388,2016-01-15,Home Office,Ohio,Central,Office Supplies,5976.9,10,0,1075.84
CA-2015-1389,2015-12-12,Home Office,Nevada,West,Office Supplies,2863.2,10,0,515.38
CA-2017-1390,2017-11-23,Corporate,Alabama,South,Office Supplies,4093.36,9,0.3,-245.6
CA-2015-1391,2015-04-05,Home Office,Oregon,West,Office Supplies,1119.55,8,0.2,22.39
CA-2016-1392,2016-05-15,Consumer,Indiana,Central,Office Supplies,671.98,2,0.5,-147.84
CA-2017-1393,2017-09-14,Consumer,North Carolina,South,Office Supplies,580.36,1,0,104.46
CA-2017-1394,2017-08-09,Home Office,Washington,West,Technology,3071.8,5,0,675.8
CA-2017-1395,2017-02-20,Consumer,Washington,West,Furniture,452.52,8,0.1,-13.58
CA-2018-1396,2018-03-28,Home Office,Pennsylvania,East,Furniture,5847.36,8,0,292.37
CA-2018-1397,2018-08-02,Home Office,Pennsylvania,East,Office Supplies,3326.8,10,0.5,-731.9
CA-2017-1398,2017-06-09,Corporate,Georgia,South,Furniture,117.34,8,0.7,-59.84
CA-2016-1399,2016-10-25,Home Office,Colorado,West,Furniture,1335.8,6,0.7,-681.26
CA-2018-1400,2018-01-25,Consumer,New Jersey,East,Furniture,220.7,2,0,11.04
CA-2018-1401,2018-02-19,Home Office,Oregon,West,Technology,4365.38,8,0.2,261.92
CA-2015-1402,2015-10-27,Home Office,Georgia,South,Office Supplies,319.82,2,0.3,-19.19
CA-2017-1403,2017-05-03,Home Office,Illinois,Central,Furniture,159.64,4,0,7.98
CA-2018-1404,2018-04-03,Home Office,Georgia,South,Technology,2432.74,6,0.2,145.96
CA-2016-1405,2016-08-02,Consumer,Nevada,West,Furniture,1908.28,8,0.5,-667.9
CA-2015-1406,2015-03-23,Corporate,Nevada,West,Furniture,759.64,5,0.3,-144.33
CA-2018-1407,2018-04-27,Corporate,Virginia,East,Furniture,654.7,10,0,32.74
CA-2017-1408,2017-05-17,Consumer,New Jersey,East,Office Supplies,2362.01,5,0.3,-141.72
CA-2016-1409,2016-12-21,Consumer,Alabama,South,Technology,525.83,1,0,115.68
CA-2015-1410,2015-06-09,Consumer,Massachusetts,East,Furniture,2969.86,6,0.3,-564.27
CA-2015-1411,2015-02-23,Corporate,Illinois,Central,Furniture,1289.1,6,0,64.45
CA-2017-1412,2017-05-11,Consumer,Arizona,West,Office Supplies,929.35,5,0,167.28
CA-2016-1413,2016-11-24,Consumer,Wisconsin,Central,Office Supplies,3077.16,4,0,553.89
CA-2015-1414,2015-02-06,Home Office,Pennsylvania,East,Technology,2190.83,8,0.3,-43.82
CA-2018-1415,2018-11-07,Consumer,Pennsylvania,East,Furniture,2189.79,9,0,109.49
CA-2016-1416,2016-06-19,Corporate,Wisconsin,Central,Furniture,872.58,6,0,43.63
CA-2017-1417,2017-06-09,Corporate,Wisconsin,Central,Furniture,1821.6,5,0,91.08
CA-2017-1418,2017-02-14,Home Office,Pennsylvania,East,Furniture,4744.1,10,0,237.21
CA-2018-1419,2018-07-12,Consumer,Wisconsin,Central,Office Supplies,3001.0,4,0,540.18
CA-2015-1420,2015-08-27,Corporate,Massachusetts,East,Technology,203.95,7,0.5,-36.71
CA-2018-1421,2018-01-14,Consumer,Michigan,Central,Technology,801.82,2,0.2,48.11
CA-2016-1422,2016-06-08,Consumer,Ohio,Central,Office Supplies,232.23,9,0.7,-88.25
CA-2017-1423,2017-01-21,Consumer,Tennessee,South,Furniture,2817.6,6,0,140.88
CA-2015-1424,2015-05-12,Consumer,California,West,Office Supplies,739.96,4,0,133.19
CA-2015-1425,2015-09-03,Corporate,Wisconsin,Central,Office Supplies,1821.42,10,0.7,-692.14
CA-2017-1426,2017-04-06,Corporate,Illinois,Central,Office Supplies,56.2,4,0.5,-12.36
CA-2018-1427,2018-01-11,Corporate,Michigan,Central,Technology,1768.54,7,0.1,247.6
CA-2015-1428,2015-05-04,Corporate,Washington,West,Furniture,713.66,1,0.1,-21.41
CA-2016-1429,2016-11-05,Consumer,Massachusetts,East,Furniture,22.58,1,0.7,-11.52
CA-2017-1430,2017-09-25,Consumer,Virginia,East,Office Supplies,2972.12,9,0.5,-653.87
CA-2015-1431,2015-08-28,Corporate,Florida,South,Furniture,2822.68,4,0,141.13
CA-2016-1432,2016-09-12,Consumer,Wisconsin,Central,Office Supplies,616.14,7,0.7,-234.13
CA-2017-1433,2017-05-17,Corporate,Tennessee,South,Office Supplies,2607.77,8,0.1,260.78
CA-2017-1434,2017-11-24,Consumer,Washington,West,Technology,1673.39,4,0.1,234.27
CA-2017-1435,2017-04-07,Consumer,North Carolina,South,Furniture,969.48,5,0.2,-106.64
CA-2017-1436,2017-02-27,Home Office,Illinois,Central,Furniture,169.02,1,0.2,-18.59
CA-2015-1437,2015-01-03,Corporate,Virginia,East,Office Supplies,28.21,3,0.7,-10.72
CA-2015-1438,2015-12-10,Corporate,Pennsylvania,East,Technology,154.51,8,0.1,21.63
CA-2015-1439,2015-06-12,Home Office,Colorado,West,Office Supplies,2533.9,9,0.2,50.68
CA-2018-1440,2018-05-02,Home Office,Georgia,South,Furniture,1566.78,6,0,78.34
CA-2018-1441,2018-12-04,Consumer,Florida,South,Technology,1149.75,6,0.7,-390.91
CA-2016-1442,2016-02-02,Home Office,North Carolina,South,Furniture,5431.79,7,0,271.59
CA-2015-1443,2015-01-17,Home Office,New Jersey,East,Furniture,3258.57,6,0.3,-619.13
CA-2016-1444,2016-11-27,Home Office,Pennsylvania,East,Technology,1797.77,3,0.2,107.87
CA-2016-1445,2016-06-17,Home Office,Texas,Central,Office Supplies,1195.53,5,0.3,-71.73
CA-2018-1446,2018-07-21,Corporate,Pennsylvania,East,Furniture,1083.94,7,0.2,-119.23
CA-2015-1447,2015-10-01,Consumer,Michigan,Central,Technology,714.0,10,0,157.08
CA-2016-1448,2016-10-23,Consumer,Tennessee,South,Technology,266.33,8,0.7,-90.55
CA-2016-1449,2016-06-09,Consumer,Michigan,Central,Technology,4133.87,7,0.1,578.74
CA-2016-1450,2016-04-15,Home Office,Ohio,Central,Office Supplies,22.11,3,0.7,-8.4
CA-2016-1451,2016-06-18,Home Office,Illinois,Central,Office Supplies,397.85,7,0.1,39.78
CA-2018-1452,2018-05-22,Consumer,Michigan,Central,Furniture,865.4,4,0,43.27
CA-2016-1453,2016-10-18,Consumer,Wisconsin,Central,Office Supplies,3345.05,9,0.2,66.9
CA-2016-1454,2016-11-28,Consumer,Georgia,South,Technology,751.19,9,0.5,-135.21
CA-2015-1455,2015-11-05,Consumer,New Jersey,East,Furniture,2332.29,3,0,116.61
CA-2015-1456,2015-12-10,Home Office,Florida,South,Technology,1064.66,6,0.3,-21.29
CA-2018-1457,2018-04-19,Consumer,Washington,West,Furniture,2141.22,8,0.3,-406.83
CA-2015-1458,2015-11-15,Home Office,Virginia,East,Technology,1546.52,2,0,340.23
CA-2017-1459,2017-11-28,Home Office,Michigan,Central,Furniture,2665.47,7,0.1,-79.96
CA-2016-1460,2016-06-05,Consumer,Wisconsin,Central,Furniture,153.41,7,0.7,-78.24
CA-2016-1461,2016-08-10,Corporate,Colorado,West,Office Supplies,3139.11,9,0,565.04
CA-2015-1462,2015-04-10,Corporate,Illinois,Central,Technology,541.23,9,0.3,-10.82
CA-2017-1463,2017-10-28,Consumer,Georgia,South,Furniture,379.5,2,0,18.98
CA-2015-1464,2015-09-22,Corporate,New Jersey,East,Furniture,3901.21,7,0.1,-117.04
CA-2017-1465,2017-06-27,Corporate,Ohio,Central,Technology,205.76,4,0.7,-69.96
CA-2017-1466,2017-12-03,Consumer,Georgia,South,Office Supplies,2389.5,9,0,430.11
CA-2015-1467,2015-11-15,Corporate,New Jersey,East,Furniture,2115.68,4,0.2,-232.72
CA-2018-1468,2018-09-06,Corporate,Pennsylvania,East,Technology,375.56,5,0.2,22.53
CA-2018-1469,2018-04-16,Corporate,Massachusetts,East,Office Supplies,225.54,5,0.1,22.55
CA-2017-1470,2017-01-23,Home Office,California,West,Office Supplies,613.9,3,0.2,12.28
CA-2017-1471,2017-02-11,Corporate,Florida,South,Technology,104.29,2,0.7,-35.46
CA-2015-1472,2015-12-15,Consumer,Texas,Central,Furniture,3248.38,8,0.2,-357.32
CA-2015-1473,2015-05-09,Home Office,Wisconsin,Central,Office Supplies,6396.1,10,0,1151.3
CA-2017-1474,2017-02-14,Consumer,Michigan,Central,Technology,400.02,6,0.5,-72.0
CA-2018-1475,2018-05-18,Home Office,Virginia,East,Technology,555.89,1,0.1,77.82
CA-2017-1476,2017-08-22,Home Office,Massachusetts,East,Technology,4363.63,8,0.3,-87.27
CA-2017-1477,2017-06-21,Corporate,Massachusetts,East,Furniture,1061.1,5,0,53.05
CA-2017-1478,2017-03-25,Corporate,Ohio,Central,Furniture,234.26,7,0.5,-81.99
CA-2017-1479,2017-08-06,Corporate,North Carolina,South,Technology,175.9,2,0.7,-59.81
CA-2016-1480,2016-03-27,Home Office,North Carolina,South,Office Supplies,6750.09,10,0.1,675.01
CA-2017-1481,2017-01-17,Home Office,North Carolina,South,Technology,966.42,2,0.1,135.3
CA-2017-1482,2017-06-08,Consumer,Georgia,South,Office Supplies,3057.99,9,0.1,305.8
CA-2016-1483,2016-03-05,Consumer,Pennsylvania,East,Office Supplies,1672.98,6,0,301.14
CA-2018-1484,2018-06-23,Corporate,Tennessee,South,Technology,2596.51,10,0.3,-51.93
CA-2018-1485,2018-12-15,Corporate,Wisconsin,Central,Office Supplies,308.47,3,0.3,-18.51
CA-2015-1486,2015-02-05,Home Office,Nevada,West,Furniture,1412.34,9,0.7,-720.29
CA-2017-1487,2017-02-15,Consumer,Arizona,West,Office Supplies,1526.94,10,0.1,152.69
CA-2017-1488,2017-11-25,Home Office,Tennessee,South,Office Supplies,756.53,5,0.5,-166.44
CA-2018-1489,2018-10-24,Consumer,Arizona,West,Furniture,308.83,6,0.7,-157.5
CA-2016-1490,2016-08-20,Home Office,Colorado,West,Technology,926.06,2,0,203.73
CA-2016-1491,2016-01-12,Consumer,Massachusetts,East,Technology,381.6,4,0,83.95
CA-2015-1492,2015-01-02,Corporate,Arizona,West,Office Supplies,1072.54,7,0.5,-235.96
CA-2017-1493,2017-02-27,Consumer,Georgia,South,Office Supplies,1885.6,4,0.3,-113.14
CA-2016-1494,2016-03-11,Consumer,Florida,South,Furniture,162.52,4,0,8.13
CA-2015-1495,2015-08-18,Home Office,Nevada,West,Office Supplies,128.76,5,0.2,2.58
CA-2018-1496,2018-03-07,Consumer,Alabama,South,Technology,1474.93,3,0.3,-29.5
CA-2015-1497,2015-02-07,Consumer,Georgia,South,Technology,136.49,2,0.5,-24.57
CA-2017-1498,2017-05-24,Corporate,Oregon,West,Office Supplies,1346.68,8,0.5,-296.27
CA-2017-1499,2017-08-13,Home Office,Nevada,West,Office Supplies,2899.68,8,0,521.94
CA-2017-1500,2017-10-27,Consumer,Indiana,Central,Technology,718.19,1,0.1,100.55
CA-2017-1501,2017-02-16,Corporate,Georgia,South,Technology,2091.84,6,0,460.2
CA-2018-1502,2018-03-10,Home Office,Nevada,West,Office Supplies,2192.4,6,0,394.63
CA-2018-1503,2018-01-22,Home Office,Tennessee,South,Furniture,1563.84,8,0.1,-46.92
CA-2018-1504,2018-03-17,Corporate,Georgia,South,Technology,882.14,9,0.2,52.93
CA-2016-1505,2016-05-21,Corporate,Tennessee,South,Furniture,56.14,1,0.7,-28.63
CA-2016-1506,2016-01-09,Corporate,Virginia,East,Office Supplies,1147.61,8,0.3,-68.86
CA-2016-1507,2016-07-24,Corporate,Georgia,South,Furniture,475.09,1,0,23.75
CA-2017-1508,2017-04-12,Consumer,Washington,West,Office Supplies,542.88,6,0,97.72
CA-2015-1509,2015-09-01,Home Office,Georgia,South,Office Supplies,5495.31,9,0,989.16
CA-2015-1510,2015-07-24,Home Office,Colorado,West,Furniture,924.6,3,0,46.23
CA-2018-1511,2018-05-05,Home Office,New York,East,Office Supplies,1079.73,9,0,194.35
CA-2016-1512,2016-12-08,Corporate,Washington,West,Furniture,3714.44,7,0.3,-705.74
CA-2018-1513,2018-04-16,Corporate,Arizona,West,Furniture,2096.28,9,0,104.81
CA-2018-1514,2018-11-12,Consumer,Virginia,East,Office Supplies,361.66,2,0.5,-79.57
CA-2017-1515,2017-12-03,Home Office,Texas,Central,Furniture,331.28,7,0.5,-115.95
CA-2015-1516,2015-06-12,Corporate,Ohio,Central,Furniture,4888.59,7,0,244.43
CA-2018-1517,2018-06-25,Consumer,Colorado,West,Technology,791.5,7,0.2,47.49
CA-2016-1518,2016-10-27,Home Office,Virginia,East,Furniture,7264.3,10,0,363.22
CA-2016-1519,2016-01-13,Corporate,Tennessee,South,Furniture,4699.52,8,0.2,-516.95
CA-2018-1520,2018-02-22,Corporate,Washington,West,Furniture,1133.24,5,0.2,-124.66
CA-2016-1521,2016-07-01,Home Office,California,West,Furniture,266.03,3,0.7,-135.68
CA-2015-1522,2015-12-28,Corporate,Massachusetts,East,Office Supplies,268.77,3,0,48.38
CA-2018-1523,2018-01-16,Consumer,Pennsylvania,East,Technology,302.04,3,0.5,-54.37
CA-2018-1524,2018-01-06,Corporate,Texas,Central,Technology,618.24,2,0.3,-12.36
CA-2016-1525,2016-12-18,Consumer,Texas,Central,Technology,2428.3,10,0,534.23
CA-2018-1526,2018-01-25,Corporate,Tennessee,South,Technology,1393.77,7,0,306.63
CA-2018-1527,2018-10-01,Corporate,Alabama,South,Furniture,4291.92,8,0,214.6
CA-2015-1528,2015-09-12,Home Office,Illinois,Central,Furniture,642.51,6,0.7,-327.68
CA-2016-1529,2016-11-15,Home Office,Michigan,Central,Furniture,799.29,2,0.3,-151.87
CA-2016-1530,2016-04-24,Home Office,Colorado,West,Office Supplies,1558.48,4,0,280.53
CA-2018-1531,2018-07-09,Consumer,New York,East,Technology,922.24,8,0,202.89
CA-2017-1532,2017-12-01,Corporate,Illinois,Central,Technology,2254.33,7,0.1,315.61
CA-2016-1533,2016-03-11,Home Office,California,West,Office Supplies,2595.1,5,0,467.12
CA-2018-1534,2018-12-28,Corporate,Massachusetts,East,Technology,650.23,9,0.2,39.01
CA-2018-1535,2018-08-28,Home Office,New Jersey,East,Technology,458.99,5,0.3,-9.18
CA-2015-1536,2015-12-22,Home Office,North Carolina,South,Office Supplies,1301.79,10,0.3,-78.11
CA-2015-1537,2015-12-21,Home Office,Texas,Central,Furniture,3794.98,7,0,189.75
CA-2015-1538,2015-06-17,Home Office,Indiana,Central,Technology,3473.04,8,0,764.07
CA-2016-1539,2016-08-21,Consumer,North Carolina,South,Office Supplies,1533.5,3,0.3,-92.01
CA-2017-1540,2017-10-11,Consumer,Illinois,Central,Furniture,3088.9,7,0.2,-339.78
CA-2017-1541,2017-10-07,Corporate,Colorado,West,Office Supplies,2068.36,10,0.3,-124.1
CA-2016-1542,2016-03-14,Consumer,New York,East,Furniture,2144.04,4,0,107.2
CA-2018-1543,2018-11-08,Home Office,Alabama,South,Technology,1798.2,8,0.7,-611.39
CA-2015-1544,2015-08-02,Consumer,Washington,West,Office Supplies,2367.84,4,0,426.21
CA-2015-1545,2015-06-21,Corporate,Wisconsin,Central,Office Supplies,1031.84,5,0.2,20.64
CA-2018-1546,2018-06-14,Home Office,Florida,South,Technology,4009.61,6,0.1,561.35
CA-2015-1547,2015-08-04,Home Office,Pennsylvania,East,Office Supplies,2238.6,5,0.2,44.77
CA-2015-1548,2015-02-10,Consumer,California,West,Technology,175.85,3,0.1,24.62
CA-2015-1549,2015-11-13,Corporate,Colorado,West,Technology,317.07,3,0.5,-57.07
CA-2016-1550,2016-11-05,Corporate,Ohio,Central,Technology,573.88,2,0,126.25
CA-2015-1551,2015-11-19,Corporate,Michigan,Central,Office Supplies,674.3,5,0.5,-148.35
CA-2016-1552,2016-11-17,Consumer,Alabama,South,Office Supplies,923.71,8,0.2,18.47
CA-2016-1553,2016-02-10,Corporate,California,West,Office Supplies,928.1,9,0.7,-352.68
CA-2016-1554,2016-02-26,Home Office,North Carolina,South,Technology,93.11,5,0.7,-31.66
CA-2015-1555,2015-12-02,Consumer,Colorado,West,Technology,2565.0,6,0.1,359.1
CA-2015-1556,2015-11-22,Corporate,New Jersey,East,Furniture,711.59,4,0.3,-135.2
CA-2015-1557,2015-12-06,Corporate,Illinois,Central,Furniture,1520.22,10,0.7,-775.31
CA-2016-1558,2016-12-27,Home Office,Nevada,West,Furniture,1263.2,5,0.5,-442.12
CA-2017-1559,2017-11-02,Corporate,Ohio,Central,Office Supplies,1369.74,6,0.5,-301.34
CA-2017-1560,2017-03-10,Corporate,Michigan,Central,Furniture,3094.74,9,0,154.74
CA-2017-1561,2017-12-12,Consumer,Georgia,South,Office Supplies,131.56,2,0.7,-49.99
CA-2015-1562,2015-03-03,Consumer,California,West,Furniture,3235.99,9,0.5,-1132.6
CA-2015-1563,2015-04-18,Home Office,New York,East,Furniture,401.62,7,0.5,-140.57
CA-2018-1564,2018-11-10,Consumer,Illinois,Central,Office Supplies,250.05,5,0,45.01
CA-2016-1565,2016-06-09,Consumer,Texas,Central,Furniture,488.19,2,0.3,-92.76
CA-2017-1566,2017-07-27,Consumer,Illinois,Central,Furniture,2802.66,6,0,140.13
CA-2018-1567,2018-04-08,Corporate,Texas,Central,Technology,483.91,6,0.7,-164.53
CA-2015-1568,2015-06-11,Home Office,Indiana,Central,Office Supplies,1088.48,4,0,195.93
CA-2017-1569,2017-07-16,Corporate,Georgia,South,Office Supplies,2264.88,4,0,407.68
CA-2017-1570,2017-03-16,Corporate,Colorado,West,Furniture,259.02,3,0,12.95
CA-2015-1571,2015-12-28,Home Office,North Carolina,South,Furniture,511.13,4,0.7,-260.68
CA-2018-1572,2018-04-22,Corporate,Ohio,Central,Technology,6222.4,8,0,1368.93
CA-2018-1573,2018-09-13,Home Office,Washington,West,Technology,707.54,2,0,155.66
CA-2016-1574,2016-08-04,Consumer,Indiana,Central,Furniture,53.24,1,0.2,-5.86
CA-2017-1575,2017-01-15,Consumer,Wisconsin,Central,Office Supplies,625.52,4,0.3,-37.53
CA-2016-1576,2016-08-18,Consumer,Illinois,Central,Technology,1484.8,10,0.2,89.09
CA-2015-1577,2015-05-26,Consumer,Illinois,Central,Technology,430.14,3,0,94.63
CA-2017-1578,2017-08-08,Home Office,Alabama,South,Technology,5927.1,10,0,1303.96
CA-2018-1579,2018-11-04,Corporate,Texas,Central,Office Supplies,151.15,1,0.2,3.02
CA-2015-1580,2015-02-21,Corporate,Washington,West,Technology,4066.38,6,0,894.6
CA-2015-1581,2015-04-25,Consumer,Florida,South,Furniture,3642.5,10,0,182.12
CA-2017-1582,2017-01-13,Corporate,Illinois,Central,Technology,1084.38,4,0.3,-21.69
CA-2018-1583,2018-01-26,Consumer,Alabama,South,Furniture,3678.85,7,0,183.94
CA-2017-1584,2017-01-13,Corporate,Arizona,West,Technology,1385.5,8,0.3,-27.71
CA-2018-1585,2018-03-26,Home Office,California,West,Furniture,5809.95,9,0,290.5
CA-2015-1586,2015-12-08,Corporate,Massachusetts,East,Furniture,693.56,5,0.2,-76.29
CA-2016-1587,2016-07-12,Corporate,Massachusetts,East,Technology,1677.36,6,0.2,100.64
CA-2016-1588,2016-01-20,Corporate,Washington,West,Technology,1605.4,5,0,353.19
CA-2015-1589,2015-01-23,Corporate,Pennsylvania,East,Office Supplies,1348.37,8,0.7,-512.38
CA-2015-1590,2015-08-12,Corporate,Washington,West,Technology,980.73,10,0.7,-333.45
CA-2018-1591,2018-01-09,Home Office,Wisconsin,Central,Technology,6979.59,9,0,1535.51
CA-2016-1592,2016-06-06,Home Office,Oregon,West,Office Supplies,5454.9,10,0,981.88
CA-2018-1593,2018-10-12,Consumer,Wisconsin,Central,Furniture,4344.42,7,0.1,-130.33
CA-2016-1594,2016-10-11,Consumer,Texas,Central,Technology,396.14,8,0.3,-7.92
CA-2015-1595,2015-06-19,Home Office,Oregon,West,Technology,1826.58,3,0,401.85
CA-2018-1596,2018-05-23,Home Office,Oregon,West,Office Supplies,222.76,4,0.7,-84.65
CA-2016-1597,2016-03-01,Home Office,New Jersey,East,Furniture,553.61,9,0.7,-282.34
CA-2018-1598,2018-04-27,Corporate,Pennsylvania,East,Technology,1818.64,8,0,400.1
CA-2016-1599,2016-05-01,Home Office,Tennessee,South,Technology,1349.54,4,0.5,-242.92
CA-2018-1600,2018-08-26,Corporate,Florida,South,Furniture,315.0,10,0,15.75
CA-2016-1601,2016-02-08,Consumer,New Jersey,East,Technology,4027.08,6,0,885.96
CA-2015-1602,2015-09-25,Home Office,Tennessee,South,Office Supplies,467.29,6,0.3,-28.04
CA-2015-1603,2015-10-03,Consumer,Michigan,Central,Office Supplies,3777.29,9,0.3,-226.64
CA-2015-1604,2015-12-01,Corporate,Wisconsin,Central,Office Supplies,2288.95,5,0,412.01
CA-2017-1605,2017-03-25,Consumer,Florida,South,Technology,1966.46,3,0.1,275.3
CA-2015-1606,2015-03-11,Corporate,New Jersey,East,Office Supplies,229.36,4,0,41.28
CA-2018-1607,2018-08-03,Home Office,Indiana,Central,Office Supplies,2437.47,9,0,438.74
CA-2016-1608,2016-10-01,Consumer,Florida,South,Office Supplies,32.37,2,0.3,-1.94
CA-2015-1609,2015-05-01,Consumer,New York,East,Technology,4766.13,10,0.1,667.26
CA-2016-1610,2016-06-26,Consumer,Virginia,East,Office Supplies,632.44,1,0.1,63.24
CA-2018-1611,2018-02-16,Home Office,Ohio,Central,Furniture,759.08,8,0.5,-265.68
CA-2017-1612,2017-09-13,Corporate,Tennessee,South,Technology,4235.4,6,0,931.79
CA-2018-1613,2018-03-17,Consumer,Pennsylvania,East,Office Supplies,1874.53,7,0,337.42
CA-2017-1614,2017-10-27,Corporate,Illinois,Central,Technology,2338.96,8,0,514.57
CA-2018-1615,2018-11-07,Consumer,Pennsylvania,East,Office Supplies,3420.6,10,0,615.71
CA-2016-1616,2016-04-28,Home Office,Arizona,West,Office Supplies,219.81,7,0.1,21.98
CA-2015-1617,2015-09-26,Corporate,New York,East,Furniture,823.16,4,0.7,-419.81
CA-2015-1618,2015-08-07,Corporate,New York,East,Office Supplies,2659.76,4,0,478.76
CA-2016-1619,2016-08-02,Consumer,North Carolina,South,Office Supplies,161.82,3,0,29.13
CA-2016-1620,2016-03-10,Home Office,Texas,Central,Furniture,2317.64,4,0,115.88
CA-2018-1621,2018-05-01,Corporate,Michigan,Central,Technology,1324.09,6,0.3,-26.48
CA-2016-1622,2016-04-13,Consumer,North Carolina,South,Office Supplies,196.2,1,0.7,-74.56
CA-2017-1623,2017-12-02,Consumer,New York,East,Office Supplies,487.41,7,0.7,-185.22
CA-2016-1624,2016-11-11,Home Office,Oregon,West,Furniture,1708.32,4,0,85.42
CA-2015-1625,2015-04-10,Home Office,New Jersey,East,Furniture,1063.47,3,0,53.17
CA-2015-1626,2015-08-09,Consumer,Washington,West,Office Supplies,1965.47,9,0.7,-746.88
CA-2018-1627,2018-05-28,Consumer,New Jersey,East,Office Supplies,4261.45,7,0.1,426.14
CA-2018-1628,2018-11-22,Corporate,Illinois,Central,Furniture,3032.96,6,0.1,-90.99
CA-2017-1629,2017-08-12,Consumer,Virginia,East,Furniture,1374.21,8,0.2,-151.16
CA-2018-1630,2018-10-23,Home Office,Texas,Central,Office Supplies,4473.42,7,0,805.22
CA-2015-1631,2015-11-03,Consumer,Illinois,Central,Office Supplies,240.23,1,0.1,24.02
CA-2018-1632,2018-10-25,Corporate,Ohio,Central,Furniture,1744.26,6,0,87.21
CA-2016-1633,2016-08-10,Consumer,Indiana,Central,Office Supplies,174.06,3,0,31.33
CA-2015-1634,2015-12-27,Corporate,Michigan,Central,Furniture,589.27,2,0.1,-17.68
CA-2016-1635,2016-06-03,Consumer,Oregon,West,Technology,153.62,2,0,33.8
CA-2016-1636,2016-07-11,Corporate,Alabama,South,Office Supplies,6959.61,10,0.1,695.96
CA-2018-1637,2018-05-04,Corporate,California,West,Technology,194.06,4,0.7,-65.98
CA-2017-1638,2017-05-26,Home Office,New Jersey,East,Office Supplies,2468.2,4,0,444.28
CA-2018-1639,2018-07-12,Home Office,Pennsylvania,East,Office Supplies,1000.2,8,0.5,-220.04
CA-2017-1640,2017-09-18,Consumer,Wisconsin,Central,Furniture,1583.6,4,0,79.18
CA-2017-1641,2017-07-26,Home Office,Tennessee,South,Furniture,1168.65,7,0.5,-409.03
CA-2015-1642,2015-09-08,Corporate,California,West,Technology,1752.28,5,0.2,105.14
CA-2015-1643,2015-03-14,Home Office,California,West,Office Supplies,1875.63,10,0.7,-712.74
CA-2015-1644,2015-05-21,Home Office,Georgia,South,Furniture,3811.92,8,0.3,-724.26
CA-2017-1645,2017-06-25,Corporate,Michigan,Central,Technology,246.01,1,0.5,-44.28
CA-2017-1646,2017-10-11,Consumer,Arizona,West,Technology,558.94,6,0.3,-11.18
CA-2016-1647,2016-11-05,Consumer,New York,East,Office Supplies,408.15,6,0.5,-89.79
CA-2016-1648,2016-12-06,Home Office,Texas,Central,Furniture,2658.53,10,0.3,-505.12
CA-2016-1649,2016-01-18,Corporate,Colorado,West,Furniture,555.9,6,0.5,-194.56
CA-2015-1650,2015-08-07,Corporate,California,West,Furniture,1075.6,3,0.1,-32.27
CA-2016-1651,2016-05-22,Corporate,Florida,South,Office Supplies,939.12,6,0.5,-206.61
CA-2018-1652,2018-11-09,Consumer,Georgia,South,Technology,146.76,1,0,32.29
CA-2018-1653,2018-01-16,Consumer,Arizona,West,Office Supplies,3727.92,8,0,671.03
CA-2015-1654,2015-07-27,Consumer,Ohio,Central,Technology,1443.88,6,0.3,-28.88
CA-2016-1655,2016-07-26,Consumer,Wisconsin,Central,Technology,378.58,2,0,83.29
CA-2016-1656,2016-06-14,Home Office,Nevada,West,Furniture,258.9,5,0.7,-132.04
CA-2016-1657,2016-06-02,Home Office,Pennsylvania,East,Technology,3355.4,6,0.1,469.76
CA-2015-1658,2015-06-15,Corporate,North Carolina,South,Furniture,962.64,8,0.1,-28.88
CA-2017-1659,2017-06-18,Corporate,Illinois,Central,Furniture,332.99,5,0.3,-63.27
CA-2015-1660,2015-10-28,Home Office,Illinois,Central,Office Supplies,2472.32,4,0,445.02
CA-2017-1661,2017-12-18,Home Office,North Carolina,South,Technology,478.27,3,0.3,-9.57
CA-2018-1662,2018-02-17,Home Office,Virginia,East,Office Supplies,6721.1,10,0,1209.8
CA-2017-1663,2017-04-09,Home Office,California,West,Technology,765.23,7,0.3,-15.3
CA-2016-1664,2016-05-20,Consumer,Indiana,Central,Technology,1373.7,5,0.5,-247.27
CA-2017-1665,2017-12-04,Consumer,Tennessee,South,Furniture,235.76,6,0.1,-7.07
CA-2016-1666,2016-09-14,Home Office,North Carolina,South,Furniture,3543.64,6,0.1,-106.31
CA-2017-1667,2017-06-04,Consumer,Colorado,West,Office Supplies,5372.15,7,0,966.99
CA-2018-1668,2018-01-12,Corporate,Tennessee,South,Furniture,3515.47,7,0,175.77
CA-2017-1669,2017-07-02,Home Office,Wisconsin,Central,Office Supplies,1340.73,6,0.5,-294.96
CA-2015-1670,2015-02-18,Consumer,Illinois,Central,Technology,1121.9,2,0.2,67.31
CA-2017-1671,2017-10-19,Home Office,California,West,Technology,552.04,4,0,121.45
CA-2015-1672,2015-11-09,Corporate,Colorado,West,Furniture,447.11,2,0.7,-228.03
CA-2017-1673,2017-02-07,Corporate,New Jersey,East,Technology,2207.33,7,0.1,309.03
CA-2015-1674,2015-08-17,Corporate,Illinois,Central,Furniture,2128.96,8,0.2,-234.19
CA-2016-1675,2016-10-24,Consumer,New York,East,Furniture,2022.62,4,0.1,-60.68
CA-2018-1676,2018-02-15,Home Office,Pennsylvania,East,Furniture,674.3,10,0,33.71
CA-2016-1677,2016-03-11,Consumer,Virginia,East,Furniture,505.51,4,0.7,-257.81
CA-2016-1678,2016-04-04,Consumer,Pennsylvania,East,Furniture,1883.41,3,0.1,-56.5
CA-2016-1679,2016-04-07,Corporate,Washington,West,Office Supplies,265.56,5,0.2,5.31
CA-2017-1680,2017-01-11,Corporate,Nevada,West,Office Supplies,4387.46,7,0,789.74
CA-2018-1681,2018-03-25,Corporate,Alabama,South,Office Supplies,3540.0,5,0,637.2
CA-2015-1682,2015-06-04,Home Office,Arizona,West,Technology,292.21,2,0.7,-99.35
CA-2015-1683,2015-09-25,Corporate,Tennessee,South,Furniture,4409.82,9,0,220.49
CA-2018-1684,2018-10-26,Corporate,Colorado,West,Office Supplies,1514.84,4,0,272.67
CA-2015-1685,2015-05-18,Corporate,Wisconsin,Central,Technology,332.49,1,0,73.15
CA-2017-1686,2017-09-20,Consumer,Michigan,Central,Technology,447.25,5,0.5,-80.51
CA-2017-1687,2017-05-11,Corporate,Wisconsin,Central,Technology,2986.56,9,0.2,179.19
CA-2016-1688,2016-05-05,Corporate,Pennsylvania,East,Office Supplies,1408.99,6,0.7,-535.42
CA-2015-1689,2015-09-16,Home Office,Wisconsin,Central,Office Supplies,7324.2,10,0,1318.36
CA-2018-1690,2018-03-15,Consumer,North Carolina,South,Technology,1462.85,3,0.2,87.77
CA-2016-1691,2016-02-25,Corporate,Massachusetts,East,Furniture,1729.45,4,0.3,-328.6
CA-2017-1692,2017-12-21,Corporate,New Jersey,East,Technology,345.21,6,0.5,-62.14
CA-2015-1693,2015-06-25,Corporate,Massachusetts,East,Furniture,1029.9,10,0,51.5
CA-2015-1694,2015-04-18,Corporate,Tennessee,South,Office Supplies,2154.68,7,0.3,-129.28
CA-2016-1695,2016-04-12,Corporate,Oregon,West,Technology,6460.02,9,0,1421.2
CA-2016-1696,2016-11-26,Consumer,Illinois,Central,Office Supplies,1281.81,7,0.5,-282.0
CA-2015-1697,2015-10-26,Home Office,Colorado,West,Technology,213.93,3,0,47.06
CA-2018-1698,2018-10-03,Home Office,New York,East,Technology,4259.15,7,0,937.01
CA-2016-1699,2016-05-08,Corporate,Massachusetts,East,Furniture,3131.24,7,0,156.56
CA-2015-1700,2015-05-19,Home Office,Virginia,East,Office Supplies,7164.81,9,0,1289.67
CA-2016-1701,2016-01-04,Consumer,Georgia,South,Office Supplies,479.66,2,0,86.34
CA-2016-1702,2016-06-14,Consumer,Massachusetts,East,Office Supplies,717.75,7,0.3,-43.06
CA-2016-1703,2016-07-12,Consumer,Ohio,Central,Furniture,227.04,8,0.7,-115.79
CA-2018-1704,2018-12-28,Corporate,Ohio,Central,Furniture,179.41,2,0.2,-19.74
CA-2015-1705,2015-03-28,Consumer,California,West,Technology,4967.55,7,0.1,695.46
CA-2017-1706,2017-11-04,Home Office,New Jersey,East,Office Supplies,3571.83,9,0,642.93
CA-2016-1707,2016-06-20,Consumer,Colorado,West,Office Supplies,2442.7,5,0,439.69
CA-2016-1708,2016-02-24,Home Office,Florida,South,Technology,3613.92,6,0,795.06
CA-2018-1709,2018-02-23,Corporate,New Jersey,East,Technology,427.43,4,0.7,-145.33
CA-2015-1710,2015-04-25,Consumer,Arizona,West,Furniture,4191.14,9,0.3,-796.32
CA-2018-1711,2018-07-08,Corporate,Wisconsin,Central,Technology,322.82,2,0.2,19.37
CA-2015-1712,2015-04-03,Corporate,Alabama,South,Technology,358.16,4,0,78.8
CA-2015-1713,2015-12-09,Home Office,Michigan,Central,Technology,1837.99,7,0,404.36
CA-2018-1714,2018-09-18,Consumer,Pennsylvania,East,Office Supplies,892.64,6,0.7,-339.2
CA-2015-1715,2015-11-18,Consumer,Colorado,West,Furniture,2226.7,7,0,111.33
CA-2018-1716,2018-06-17,Home Office,Florida,South,Furniture,3015.8,4,0,150.79
CA-2015-1717,2015-04-22,Consumer,Tennessee,South,Office Supplies,706.77,1,0,127.22
CA-2017-1718,2017-06-16,Home Office,Indiana,Central,Furniture,127.3,4,0.5,-44.55
CA-2018-1719,2018-09-23,Consumer,Colorado,West,Technology,766.4,2,0.3,-15.33
CA-2016-1720,2016-03-22,Consumer,Tennessee,South,Technology,458.94,4,0.2,27.54
CA-2016-1721,2016-03-15,Corporate,Colorado,West,Office Supplies,756.43,4,0.7,-287.44
CA-2015-1722,2015-03-08,Corporate,California,West,Office Supplies,1016.66,4,0.5,-223.67
CA-2017-1723,2017-11-12,Corporate,Georgia,South,Furniture,1521.6,4,0.2,-167.38
CA-2016-1724,2016-09-01,Home Office,Oregon,West,Furniture,564.73,4,0.7,-288.01
CA-2015-1725,2015-06-02,Consumer,Pennsylvania,East,Office Supplies,303.0,4,0.5,-66.66
CA-2015-1726,2015-08-10,Consumer,Indiana,Central,Furniture,99.98,3,0.3,-19.0
CA-2017-1727,2017-05-24,Home Office,Georgia,South,Office Supplies,1410.05,7,0.5,-310.21
CA-2016-1728,2016-09-12,Consumer,Georgia,South,Furniture,4397.13,9,0,219.86
CA-2016-1729,2016-03-22,Corporate,New Jersey,East,Furniture,909.75,5,0,45.49
CA-2017-1730,2017-09-21,Corporate,Georgia,South,Technology,120.78,2,0.2,7.25
CA-2018-1731,2018-06-02,Corporate,Florida,South,Technology,212.67,1,0.2,12.76
CA-2017-1732,2017-09-09,Corporate,Alabama,South,Office Supplies,4125.52,8,0,742.59
CA-2016-1733,2016-05-15,Home Office,Michigan,Central,Office Supplies,1469.8,10,0.5,-323.36
CA-2015-1734,2015-04-27,Home Office,New York,East,Office Supplies,5196.66,7,0,935.4
CA-2016-1735,2016-05-04,Consumer,Texas,Central,Furniture,568.9,8,0.3,-108.09
CA-2015-1736,2015-11-25,Home Office,Florida,South,Office Supplies,745.9,5,0,134.26
CA-2017-1737,2017-06-08,Home Office,Georgia,South,Office Supplies,179.51,1,0.7,-68.21
CA-2017-1738,2017-01-03,Consumer,Tennessee,South,Office Supplies,3056.82,6,0,550.23
CA-2018-1739,2018-12-05,Home Office,Washington,West,Technology,324.62,1,0,71.42
CA-2017-1740,2017-03-20,Home Office,New York,East,Office Supplies,549.86,3,0.3,-32.99
CA-2015-1741,2015-07-07,Home Office,Michigan,Central,Office Supplies,4195.68,8,0,755.22
CA-2017-1742,2017-06-01,Corporate,Illinois,Central,Office Supplies,3144.24,4,0,565.96
CA-2016-1743,2016-04-22,Home Office,Georgia,South,Technology,4804.59,7,0,1057.01
CA-2016-1744,2016-10-21,Consumer,Florida,South,Furniture,3257.24,7,0.2,-358.3
CA-2015-1745,2015-07-03,Consumer,Wisconsin,Central,Furniture,1718.88,8,0,85.94
CA-2015-1746,2015-07-18,Home Office,Tennessee,South,Furniture,6301.04,8,0,315.05
CA-2015-1747,2015-08-01,Consumer,Oregon,West,Office Supplies,3909.9,10,0,703.78
CA-2015-1748,2015-08-04,Consumer,Florida,South,Office Supplies,527.19,3,0,94.89
CA-2015-1749,2015-07-01,Home Office,Texas,Central,Office Supplies,133.31,1,0,24.0
CA-2016-1750,2016-02-14,Corporate,Georgia,South,Furniture,5325.9,10,0,266.3
CA-2016-1751,2016-04-25,Home Office,Wisconsin,Central,Office Supplies,2318.16,4,0,417.27
CA-2015-1752,2015-08-27,Home Office,New Jersey,East,Technology,1230.25,5,0.3,-24.6
CA-2016-1753,2016-02-02,Home Office,North Carolina,South,Office Supplies,207.62,3,0.5,-45.68
CA-2017-1754,2017-06-24,Consumer,New Jersey,East,Office Supplies,2480.7,5,0,446.53
CA-2015-1755,2015-06-12,Home Office,Virginia,East,Furniture,395.39,2,0.2,-43.49
CA-2018-1756,2018-08-06,Home Office,Arizona,West,Office Supplies,702.2,6,0.3,-42.13
CA-2017-1757,2017-11-19,Corporate,New York,East,Technology,3222.1,7,0,708.86
CA-2018-1758,2018-11-08,Corporate,Tennessee,South,Technology,361.16,5,0.2,21.67
CA-2016-1759,2016-10-01,Consumer,North Carolina,South,Office Supplies,1749.12,8,0.5,-384.81
CA-2018-1760,2018-10-01,Home Office,Alabama,South,Office Supplies,2130.12,9,0,383.42
CA-2018-1761,2018-03-16,Corporate,Illinois,Central,Furniture,2817.88,4,0,140.89
CA-2018-1762,2018-02-05,Home Office,Michigan,Central,Technology,3269.43,9,0,719.27
CA-2015-1763,2015-07-27,Corporate,Colorado,West,Technology,4549.61,7,0.1,636.95
CA-2016-1764,2016-05-18,Home Office,Michigan,Central,Technology,3257.01,6,0.1,455.98
CA-2015-1765,2015-03-20,Corporate,Michigan,Central,Office Supplies,2919.36,8,0,525.48
CA-2017-1766,2017-04-18,Consumer,North Carolina,South,Furniture,3186.48,8,0,159.32
CA-2016-1767,2016-12-28,Consumer,Oregon,West,Office Supplies,226.7,10,0,40.81
CA-2015-1768,2015-03-07,Corporate,Indiana,Central,Office Supplies,146.34,1,0.3,-8.78
CA-2015-1769,2015-10-08,Corporate,Alabama,South,Office Supplies,205.88,4,0.7,-78.23
CA-2016-1770,2016-05-20,Corporate,Indiana,Central,Office Supplies,5613.03,9,0,1010.35
CA-2016-1771,2016-01-08,Corporate,Pennsylvania,East,Furniture,534.24,10,0.2,-58.77
CA-2015-1772,2015-02-12,Consumer,Massachusetts,East,Furniture,688.34,2,0.1,-20.65
CA-2017-1773,2017-01-02,Home Office,North Carolina,South,Office Supplies,193.83,1,0.3,-11.63
CA-2018-1774,2018-03-11,Home Office,Ohio,Central,Furniture,2758.5,9,0.5,-965.48
CA-2016-1775,2016-01-19,Consumer,Wisconsin,Central,Office Supplies,3758.32,8,0,676.5
CA-2017-1776,2017-06-22,Consumer,Oregon,West,Furniture,229.51,1,0.2,-25.25
CA-2017-1777,2017-09-24,Consumer,Nevada,West,Technology,7600.8,10,0,1672.18
CA-2017-1778,2017-11-03,Corporate,California,West,Office Supplies,935.8,10,0.5,-205.88
CA-2018-1779,2018-12-23,Corporate,Arizona,West,Furniture,363.6,5,0.7,-185.44
CA-2015-1780,2015-03-21,Consumer,Massachusetts,East,Office Supplies,2051.85,5,0,369.33
CA-2017-1781,2017-06-23,Corporate,Colorado,West,Furniture,169.22,1,0,8.46
CA-2018-1782,2018-06-13,Corporate,Illinois,Central,Technology,141.5,1,0.7,-48.11
CA-2016-1783,2016-12-08,Corporate,Florida,South,Office Supplies,508.84,2,0,91.59
CA-2017-1784,2017-08-03,Corporate,Pennsylvania,East,Technology,1202.27,2,0.2,72.14
CA-2016-1785,2016-01-14,Consumer,Virginia,East,Technology,521.04,8,0.5,-93.79
CA-2015-1786,2015-07-27,Home Office,Virginia,East,Furniture,1233.92,5,0.2,-135.73
CA-2015-1787,2015-12-05,Corporate,Nevada,West,Office Supplies,4374.57,9,0.1,437.46
CA-2018-1788,2018-11-13,Consumer,Ohio,Central,Office Supplies,1596.07,5,0.5,-351.14
CA-2015-1789,2015-04-22,Corporate,Ohio,Central,Technology,1584.09,3,0,348.5
CA-2015-1790,2015-02-06,Corporate,Washington,West,Office Supplies,243.49,3,0.7,-92.53
CA-2017-1791,2017-06-24,Home Office,Virginia,East,Office Supplies,2361.33,9,0.5,-519.49
CA-2017-1792,2017-06-27,Corporate,Michigan,Central,Office Supplies,1457.1,5,0,262.28
CA-2016-1793,2016-06-17,Home Office,Florida,South,Office Supplies,4762.98,9,0,857.34
CA-2016-1794,2016-04-09,Home Office,Georgia,South,Office Supplies,99.49,1,0.7,-37.81
CA-2017-1795,2017-05-14,Home Office,California,West,Technology,439.55,7,0.1,61.54
CA-2018-1796,2018-11-14,Consumer,Arizona,West,Technology,1389.6,9,0,305.71
CA-2017-1797,2017-06-18,Consumer,Alabama,South,Technology,760.61,2,0.3,-15.21
CA-2017-1798,2017-04-24,Consumer,Tennessee,South,Furniture,4773.7,10,0,238.69
CA-2015-1799,2015-01-26,Consumer,Georgia,South,Technology,2711.16,8,0.5,-488.01
CA-2017-1800,2017-04-17,Consumer,Indiana,Central,Office Supplies,1118.19,7,0.7,-424.91
CA-2018-1801,2018-11-27,Corporate,Virginia,East,Office Supplies,2880.36,6,0.1,288.04
CA-2016-1802,2016-06-19,Consumer,Arizona,West,Office Supplies,922.8,4,0,166.1
CA-2015-1803,2015-12-18,Home Office,Texas,Central,Office Supplies,6020.1,9,0,1083.62
CA-2015-1804,2015-05-24,Consumer,Arizona,West,Office Supplies,2906.05,7,0,523.09
CA-2018-1805,2018-05-23,Corporate,Colorado,West,Technology,6985.53,9,0,1536.82
CA-2015-1806,2015-06-26,Home Office,Nevada,West,Technology,2304.28,8,0.5,-414.77
CA-2016-1807,2016-01-06,Home Office,New York,East,Office Supplies,916.18,2,0,164.91
CA-2018-1808,2018-09-08,Consumer,Nevada,West,Technology,51.99,3,0.5,-9.36
CA-2017-1809,2017-03-27,Corporate,New York,East,Technology,1326.73,6,0.7,-451.09
CA-2017-1810,2017-07-22,Corporate,Florida,South,Office Supplies,1227.78,6,0.5,-270.11
CA-2015-1811,2015-11-07,Corporate,Georgia,South,Technology,135.55,4,0.7,-46.09
CA-2018-1812,2018-01-28,Home Office,Wisconsin,Central,Furniture,482.99,3,0.7,-246.32
CA-2015-1813,2015-11-07,Corporate,California,West,Furniture,2191.65,10,0.5,-767.08
CA-2015-1814,2015-10-08,Consumer,Florida,South,Technology,383.45,5,0,84.36
CA-2017-1815,2017-10-20,Corporate,North Carolina,South,Furniture,2795.76,4,0,139.79
CA-2015-1816,2015-06-23,Corporate,Alabama,South,Furniture,5109.72,7,0,255.49
CA-2018-1817,2018-01-13,Home Office,Florida,South,Furniture,4010.0,10,0.2,-441.1
CA-2016-1818,2016-06-19,Corporate,Nevada,West,Furniture,4601.88,10,0.1,-138.06
CA-2018-1819,2018-06-14,Corporate,Colorado,West,Technology,2066.58,3,0,454.65
CA-2015-1820,2015-01-01,Corporate,New York,East,Office Supplies,1134.23,5,0.7,-431.01
CA-2016-1821,2016-12-16,Corporate,Texas,Central,Technology,1236.8,8,0,272.1
CA-2016-1822,2016-11-18,Corporate,Georgia,South,Office Supplies,637.06,2,0,114.67
CA-2015-1823,2015-09-28,Consumer,Georgia,South,Technology,2458.38,6,0,540.84
CA-2018-1824,2018-07-26,Home Office,Indiana,Central,Furniture,714.4,10,0,35.72
CA-2016-1825,2016-05-10,Corporate,Michigan,Central,Furniture,451.96,2,0,22.6
CA-2017-1826,2017-09-25,Consumer,Ohio,Central,Office Supplies,37.34,1,0.2,0.75
CA-2016-1827,2016-09-28,Corporate,Georgia,South,Furniture,363.6,2,0.1,-10.91
CA-2015-1828,2015-06-20,Corporate,Texas,Central,Technology,1998.72,10,0.2,119.92
CA-2015-1829,2015-03-07,Corporate,Virginia,East,Technology,3170.09,7,0,697.42
CA-2017-1830,2017-09-08,Home Office,Alabama,South,Furniture,747.62,5,0.5,-261.67
CA-2017-1831,2017-04-22,Consumer,Georgia,South,Technology,2074.36,6,0.1,290.41
CA-2018-1832,2018-06-16,Consumer,Tennessee,South,Technology,3412.08,10,0.2,204.72
CA-2015-1833,2015-08-22,Corporate,Nevada,West,Technology,2058.24,5,0.2,123.49
CA-2017-1834,2017-12-19,Corporate,Massachusetts,East,Furniture,4004.34,6,0,200.22
CA-2015-1835,2015-02-03,Corporate,Washington,West,Technology,1035.36,3,0,227.78
CA-2017-1836,2017-09-21,Consumer,Texas,Central,Technology,1733.1,10,0,381.28
CA-2018-1837,2018-08-09,Consumer,Nevada,West,Office Supplies,4200.8,10,0.2,84.02
CA-2018-1838,2018-12-27,Home Office,Indiana,Central,Office Supplies,2992.85,5,0,538.71
CA-2017-1839,2017-02-22,Home Office,Massachusetts,East,Technology,2383.98,10,0.7,-810.55
CA-2015-1840,2015-02-02,Corporate,Massachusetts,East,Office Supplies,3139.68,6,0,565.14
CA-2016-1841,2016-05-26,Corporate,Pennsylvania,East,Technology,1537.43,5,0.5,-276.74
CA-2018-1842,2018-08-07,Consumer,Alabama,South,Office Supplies,530.32,4,0,95.46
CA-2015-1843,2015-03-20,Home Office,Texas,Central,Office Supplies,302.58,6,0.5,-66.57
CA-2017-1844,2017-03-10,Corporate,California,West,Technology,374.08,7,0,82.3
CA-2015-1845,2015-06-24,Consumer,Texas,Central,Furniture,1085.5,3,0.2,-119.41
CA-2015-1846,2015-10-23,Consumer,Alabama,South,Technology,356.02,4,0.3,-7.12
CA-2015-1847,2015-09-23,Corporate,California,West,Technology,484.85,5,0.5,-87.27
CA-2018-1848,2018-07-02,Home Office,Alabama,South,Furniture,1858.13,8,0.7,-947.65
CA-2017-1849,2017-02-06,Home Office,Tennessee,South,Furniture,165.41,3,0.7,-84.36
CA-2015-1850,2015-05-02,Consumer,New York,East,Technology,929.88,8,0.5,-167.38
CA-2015-1851,2015-08-14,Corporate,Georgia,South,Office Supplies,1491.88,4,0,268.54
CA-2016-1852,2016-05-19,Consumer,Oregon,West,Office Supplies,1457.51,7,0.2,29.15
CA-2015-1853,2015-07-24,Home Office,Tennessee,South,Furniture,1651.9,5,0.1,-49.56
CA-2016-1854,2016-08-23,Home Office,New York,East,Office Supplies,598.05,2,0.5,-131.57
CA-2018-1855,2018-09-13,Home Office,Tennessee,South,Office Supplies,239.69,7,0.7,-91.08
CA-2016-1856,2016-08-19,Corporate,Michigan,Central,Technology,3695.93,7,0,813.1
CA-2018-1857,2018-03-02,Consumer,Arizona,West,Office Supplies,532.31,4,0.7,-202.28
CA-2015-1858,2015-04-24,Home Office,Wisconsin,Central,Technology,175.5,10,0.7,-59.67
CA-2015-1859,2015-09-07,Consumer,North Carolina,South,Technology,401.42,2,0.1,56.2
CA-2015-1860,2015-06-02,Corporate,Alabama,South,Office Supplies,3561.6,8,0,641.09
CA-2018-1861,2018-08-05,Consumer,North Carolina,South,Office Supplies,3541.6,10,0,637.49
CA-2017-1862,2017-12-16,Corporate,North Carolina,South,Office Supplies,1582.64,8,0.5,-348.18
CA-2016-1863,2016-09-16,Home Office,Tennessee,South,Office Supplies,239.04,5,0.1,23.9
CA-2017-1864,2017-11-14,Consumer,Florida,South,Office Supplies,193.2,3,0.3,-11.59
CA-2018-1865,2018-07-15,Home Office,Illinois,Central,Technology,460.26,3,0.3,-9.21
CA-2015-1866,2015-05-10,Consumer,Indiana,Central,Technology,647.42,4,0.1,90.64
CA-2015-1867,2015-12-26,Home Office,Colorado,West,Office Supplies,841.82,3,0.2,16.84
CA-2015-1868,2015-03-18,Consumer,New York,East,Technology,2265.04,4,0,498.31
CA-2016-1869,2016-07-13,Home Office,Tennessee,South,Office Supplies,1907.22,4,0.3,-114.43
CA-2015-1870,2015-03-02,Home Office,Pennsylvania,East,Furniture,977.23,3,0.2,-107.5
CA-2018-1871,2018-12-09,Consumer,Georgia,South,Technology,943.74,3,0.3,-18.87
CA-2015-1872,2015-02-06,Consumer,Nevada,West,Office Supplies,904.85,5,0.5,-199.07
CA-2015-1873,2015-11-15,Home Office,Pennsylvania,East,Furniture,1948.1,10,0,97.41
CA-2017-1874,2017-07-17,Home Office,New Jersey,East,Technology,2562.84,7,0.1,358.8
CA-2015-1875,2015-05-06,Consumer,Illinois,Central,Office Supplies,904.92,4,0,162.89
CA-2016-1876,2016-09-21,Corporate,California,West,Technology,689.3,3,0.3,-13.79
CA-2018-1877,2018-11-25,Consumer,Georgia,South,Furniture,1459.2,4,0,72.96
CA-2016-1878,2016-07-14,Consumer,Alabama,South,Office Supplies,798.84,7,0,143.79
CA-2017-1879,2017-04-22,Home Office,Michigan,Central,Office Supplies,3490.66,7,0.3,-209.44
CA-2015-1880,2015-03-21,Consumer,Virginia,East,Furniture,2888.64,5,0.2,-317.75
CA-2016-1881,2016-08-20,Corporate,Ohio,Central,Technology,1172.16,2,0,257.88
CA-2018-1882,2018-05-13,Corporate,Massachusetts,East,Office Supplies,143.34,1,0.7,-54.47
CA-2015-1883,2015-08-09,Corporate,Illinois,Central,Office Supplies,506.82,9,0.1,50.68
CA-2017-1884,2017-11-07,Home Office,Florida,South,Office Supplies,1301.4,5,0.1,130.14
CA-2018-1885,2018-04-27,Corporate,Georgia,South,Technology,1442.7,9,0.3,-28.85
CA-2017-1886,2017-11-16,Corporate,Oregon,West,Office Supplies,1224.06,6,0,220.33
CA-2016-1887,2016-02-18,Consumer,Florida,South,Office Supplies,2211.04,8,0.5,-486.43
CA-2016-1888,2016-10-18,Consumer,Alabama,South,Technology,703.33,2,0.3,-14.07
CA-2017-1889,2017-06-28,Corporate,Oregon,West,Furniture,362.84,4,0.7,-185.05
CA-2018-1890,2018-02-19,Corporate,Oregon,West,Technology,67.8,2,0,14.92
CA-2015-1891,2015-03-04,Home Office,Arizona,West,Office Supplies,3379.48,7,0.3,-202.77
CA-2017-1892,2017-05-05,Home Office,Florida,South,Technology,1810.62,3,0,398.34
CA-2015-1893,2015-07-16,Home Office,Ohio,Central,Furniture,2419.52,4,0.1,-72.59
CA-2018-1894,2018-05-27,Corporate,Wisconsin,Central,Technology,1497.94,7,0.2,89.88
CA-2016-1895,2016-08-04,Corporate,New Jersey,East,Technology,2172.41,6,0.3,-43.45
CA-2018-1896,2018-11-25,Corporate,Florida,South,Technology,3221.45,5,0,708.72
CA-2015-1897,2015-10-20,Consumer,Alabama,South,Furniture,96.17,1,0.7,-49.05
CA-2018-1898,2018-11-15,Home Office,Pennsylvania,East,Technology,1575.19,3,0.2,94.51
CA-2015-1899,2015-02-24,Corporate,North Carolina,South,Furniture,1020.71,3,0.5,-357.25
CA-2017-1900,2017-03-17,Home Office,Oregon,West,Furniture,922.14,2,0,46.11
CA-2017-1901,2017-10-24,Consumer,Colorado,West,Office Supplies,380.3,6,0.7,-144.51
CA-2017-1902,2017-12-25,Corporate,Ohio,Central,Furniture,645.05,1,0,32.25
CA-2018-1903,2018-07-03,Consumer,Virginia,East,Furniture,399.47,1,0,19.97
CA-2018-1904,2018-02-12,Home Office,Indiana,Central,Office Supplies,2034.21,7,0.1,203.42
CA-2018-1905,2018-01-14,Corporate,Ohio,Central,Technology,787.84,8,0,173.32
CA-2015-1906,2015-11-17,Corporate,Virginia,East,Furniture,2940.84,6,0.1,-88.23
CA-2015-1907,2015-02-24,Corporate,Virginia,East,Office Supplies,416.21,4,0.7,-158.16
CA-2015-1908,2015-04-27,Home Office,Arizona,West,Office Supplies,1142.43,3,0,205.64
CA-2018-1909,2018-02-17,Home Office,Colorado,West,Office Supplies,2665.4,9,0.3,-159.92
CA-2017-1910,2017-03-16,Consumer,Wisconsin,Central,Technology,631.3,6,0.7,-214.64
CA-2018-1911,2018-11-23,Consumer,Pennsylvania,East,Furniture,387.45,5,0.7,-197.6
CA-2018-1912,2018-11-20,Corporate,New York,East,Technology,273.6,4,0.7,-93.02
CA-2015-1913,2015-01-28,Consumer,Oregon,West,Furniture,5086.85,8,0.2,-559.55
CA-2016-1914,2016-03-14,Corporate,Alabama,South,Technology,622.65,5,0.5,-112.08
CA-2017-1915,2017-11-25,Consumer,Texas,Central,Office Supplies,2689.2,8,0,484.06
CA-2015-1916,2015-03-18,Corporate,Indiana,Central,Technology,249.0,5,0.5,-44.82
CA-2018-1917,2018-11-20,Corporate,Pennsylvania,East,Technology,528.32,10,0.2,31.7
CA-2016-1918,2016-05-21,Consumer,Tennessee,South,Technology,3510.22,7,0,772.25
CA-2016-1919,2016-02-08,Corporate,Wisconsin,Central,Technology,2119.48,5,0.2,127.17
CA-2017-1920,2017-04-06,Corporate,Virginia,East,Office Supplies,3328.0,5,0,599.04
CA-2015-1921,2015-04-17,Corporate,Florida,South,Technology,4329.61,9,0.3,-86.59
CA-2016-1922,2016-06-20,Consumer,Arizona,West,Furniture,3417.96,7,0,170.9
CA-2016-1923,2016-08-15,Home Office,New Jersey,East,Technology,1496.9,10,0,329.32
CA-2015-1924,2015-05-16,Consumer,Indiana,Central,Office Supplies,975.03,10,0.3,-58.5
CA-2017-1925,2017-06-24,Home Office,Virginia,East,Furniture,282.12,4,0.5,-98.74
CA-2018-1926,2018-09-25,Corporate,New Jersey,East,Furniture,622.08,2,0,31.1
CA-2018-1927,2018-03-02,Home Office,Oregon,West,Technology,3953.52,8,0.1,553.49
CA-2018-1928,2018-08-10,Corporate,Florida,South,Technology,4016.88,10,0.2,241.01
CA-2016-1929,2016-03-07,Home Office,Georgia,South,Furniture,518.45,1,0.2,-57.03
CA-2017-1930,2017-09-07,Corporate,Arizona,West,Furniture,76.99,3,0.7,-39.26
CA-2018-1931,2018-06-07,Consumer,Texas,Central,Technology,111.06,2,0.7,-37.76
CA-2017-1932,2017-01-23,Home Office,Washington,West,Furniture,1291.35,10,0.5,-451.97
CA-2016-1933,2016-04-16,Consumer,Nevada,West,Office Supplies,201.43,1,0.7,-76.54
CA-2018-1934,2018-08-06,Home Office,New Jersey,East,Office Supplies,1432.02,6,0,257.76
CA-2016-1935,2016-04-11,Home Office,California,West,Furniture,2981.22,9,0.3,-566.43
CA-2017-1936,2017-04-11,Home Office,New York,East,Office Supplies,584.75,4,0.7,-222.2
CA-2015-1937,2015-08-02,Corporate,Michigan,Central,Technology,256.84,6,0.7,-87.33
CA-2018-1938,2018-09-08,Consumer,Indiana,Central,Technology,1976.92,4,0,434.92
CA-2016-1939,2016-11-06,Home Office,Massachusetts,East,Office Supplies,282.52,1,0,50.85
CA-2018-1940,2018-10-04,Home Office,New Jersey,East,Office Supplies,2299.74,5,0.3,-137.98
CA-2017-1941,2017-11-24,Consumer,Alabama,South,Office Supplies,3925.81,7,0,706.65
CA-2016-1942,2016-01-18,Home Office,North Carolina,South,Technology,823.05,5,0.7,-279.84
CA-2017-1943,2017-01-14,Corporate,Tennessee,South,Technology,2918.25,9,0.5,-525.29
CA-2016-1944,2016-01-27,Corporate,New York,East,Technology,395.45,1,0.5,-71.18
CA-2017-1945,2017-07-21,Corporate,Pennsylvania,East,Furniture,2576.74,6,0.2,-283.44
CA-2018-1946,2018-01-08,Corporate,New Jersey,East,Office Supplies,4715.46,9,0,848.78
CA-2015-1947,2015-01-13,Home Office,Florida,South,Office Supplies,1687.66,3,0.1,168.77
CA-2015-1948,2015-05-25,Consumer,Pennsylvania,East,Office Supplies,437.9,3,0.7,-166.4
CA-2018-1949,2018-05-20,Home Office,New Jersey,East,Technology,252.65,8,0.1,35.37
CA-2015-1950,2015-12-01,Consumer,Indiana,Central,Office Supplies,2660.76,10,0.1,266.08
CA-2016-1951,2016-08-12,Corporate,Illinois,Central,Office Supplies,175.77,6,0.5,-38.67
CA-2017-1952,2017-12-13,Consumer,New Jersey,East,Technology,325.12,4,0,71.53
CA-2018-1953,2018-09-03,Consumer,Florida,South,Office Supplies,596.28,10,0.7,-226.59
CA-2016-1954,2016-04-03,Corporate,Colorado,West,Furniture,27.07,1,0.1,-0.81
CA-2015-1955,2015-01-03,Consumer,Georgia,South,Office Supplies,4799.72,9,0.3,-287.98
CA-2015-1956,2015-05-11,Home Office,Washington,West,Furniture,717.55,2,0.2,-78.93
CA-2017-1957,2017-01-04,Home Office,Texas,Central,Furniture,1924.74,9,0,96.24
CA-2017-1958,2017-02-08,Consumer,Indiana,Central,Office Supplies,895.15,10,0.5,-196.93
CA-2016-1959,2016-12-16,Corporate,Tennessee,South,Office Supplies,2820.69,9,0,507.72
CA-2018-1960,2018-02-03,Consumer,Arizona,West,Technology,1364.73,7,0.7,-464.01
CA-2018-1961,2018-01-23,Corporate,Washington,West,Technology,3445.26,6,0,757.96
CA-2017-1962,2017-06-24,Consumer,Georgia,South,Office Supplies,1471.36,2,0,264.84
CA-2018-1963,2018-05-26,Corporate,New York,East,Office Supplies,1761.66,9,0,317.1
CA-2017-1964,2017-10-18,Consumer,Texas,Central,Furniture,460.38,2,0.2,-50.64
CA-2015-1965,2015-06-22,Corporate,Nevada,West,Technology,862.02,5,0.5,-155.16
CA-2016-1966,2016-10-03,Consumer,Indiana,Central,Furniture,1620.48,8,0.2,-178.25
CA-2018-1967,2018-10-09,Home Office,Texas,Central,Technology,4943.61,10,0.3,-98.87
CA-2018-1968,2018-09-06,Consumer,North Carolina,South,Office Supplies,1855.3,3,0.1,185.53
CA-2015-1969,2015-09-02,Home Office,Nevada,West,Office Supplies,236.9,2,0.1,23.69
CA-2015-1970,2015-02-22,Home Office,Georgia,South,Office Supplies,4382.0,8,0,788.76
CA-2015-1971,2015-04-13,Corporate,Indiana,Central,Office Supplies,4986.9,9,0,897.64
CA-2017-1972,2017-08-05,Corporate,Colorado,West,Technology,3845.35,5,0,845.98
CA-2016-1973,2016-03-27,Consumer,Virginia,East,Technology,2105.56,5,0.2,126.33
CA-2017-1974,2017-07-04,Home Office,Texas,Central,Furniture,213.84,3,0,10.69
CA-2016-1975,2016-08-21,Corporate,Texas,Central,Office Supplies,2400.02,7,0.3,-144.0
CA-2016-1976,2016-03-07,Corporate,New York,East,Furniture,2210.22,9,0,110.51
CA-2016-1977,2016-08-07,Corporate,Texas,Central,Technology,603.32,2,0.1,84.46
CA-2015-1978,2015-08-05,Corporate,Arizona,West,Technology,478.08,4,0,105.18
CA-2018-1979,2018-09-08,Corporate,Texas,Central,Furniture,523.05,5,0.5,-183.07
CA-2018-1980,2018-02-18,Corporate,Pennsylvania,East,Technology,1753.25,4,0.2,105.19
CA-2018-1981,2018-08-26,Corporate,Massachusetts,East,Technology,48.98,3,0.7,-16.65
CA-2017-1982,2017-08-23,Home Office,New Jersey,East,Office Supplies,1611.0,10,0.1,161.1
CA-2016-1983,2016-04-17,Home Office,Ohio,Central,Furniture,1814.16,4,0,90.71
CA-2015-1984,2015-12-12,Consumer,Illinois,Central,Office Supplies,3918.19,7,0.3,-235.09
CA-2018-1985,2018-04-10,Corporate,Georgia,South,Furniture,2068.92,6,0,103.45
CA-2017-1986,2017-01-06,Home Office,Oregon,West,Office Supplies,495.09,2,0.2,9.9
CA-2016-1987,2016-06-27,Consumer,Nevada,West,Furniture,582.31,9,0.3,-110.64
CA-2017-1988,2017-01-28,Corporate,New Jersey,East,Technology,135.63,3,0.7,-46.11
CA-2017-1989,2017-12-27,Consumer,Washington,West,Technology,436.09,7,0.1,61.05
CA-2016-1990,2016-07-05,Consumer,New Jersey,East,Furniture,3890.71,8,0.3,-739.23
CA-2015-1991,2015-03-20,Home Office,Virginia,East,Furniture,699.85,5,0,34.99
CA-2017-1992,2017-01-06,Corporate,New Jersey,East,Furniture,194.42,1,0.7,-99.15
CA-2018-1993,2018-01-13,Home Office,Massachusetts,East,Technology,23.46,1,0.7,-7.98
CA-2016-1994,2016-12-12,Home Office,Arizona,West,Office Supplies,445.54,6,0.3,-26.73
CA-2016-1995,2016-04-27,Corporate,Pennsylvania,East,Office Supplies,1290.96,9,0.2,25.82
CA-2016-1996,2016-06-01,Home Office,Alabama,South,Furniture,838.56,8,0.5,-293.5
CA-2018-1997,2018-07-24,Corporate,Washington,West,Technology,2930.59,7,0.3,-58.61
CA-2016-1998,2016-02-09,Home Office,Virginia,East,Technology,3277.35,10,0.1,458.83
CA-2017-1999,2017-03-27,Consumer,New York,East,Furniture,1496.04,4,0.5,-523.61
